EAN,Nome (como vem da Open Food Facts),Marca,Grupo,Embalagem,kcal/100g,Proteína,Hidratos,Gordura
8480000835475,"Pan de molde 12 cereales y semillas",Hacendado,cereais,"680 g",260,11,38,5.7
8402001007033,"Ketchup Zero",Hacendado,snacks,"600 g",83,1.7,17.8,0
8480000140135,"Tortitas de arroz",Hacendado,cereais,"124 g (4 x 4 x 8 g aprox.)",363,8.5,75,2.8
8480000101990,"Nata Cocinar",Hacendado,laticinios,"200",163,2,5,15
8480000822956,"Pan de molde 35% avena",Hacendado,cereais,"460 g",265,13,35,6.8
8480000838698,"Pan de Molde Semillas & Pipas",Hacendado,cereais,"580 g",290.2,11,38,9.3
8480000837899,"Pan tostado 100% integral bajo en sal y en azúcares",Hacendado,cereais,"540 g",388,17.7,61,5.7
8402001010187,"Tortitas de maíz sabor jamón serrano",Hacendado,cereais,"",417.1,6.9,77.1,8.6
8480000822901,"Pan tostado cereales y semillas",Hacendado,cereais,"550 g",422,16,57,13
8402001039263,"Tortitas Milho Campestre",Hacendado,cereais,"",414,6.7,76,8.4
8480000510501,"Mozzarella",Hacendado,laticinios,"125 g (250 g)",202.4,17,2,14
8480000828392,"Tostadas sin gluten",Hacendado,cereais,"100 g",387,6.7,84,2.3
8480000233592,"Pan de molde blanco natural rústico",Hacendado,cereais,"550 g",265,9.1,47,4.5
8480000234100,"Mostarda",Hacendado,snacks,"388 g",75,3.8,2.3,5.3
8480000838674,"Pan de molde blanco",Hacendado,cereais,"820 g",250,9,46,2.7
8480000094308,"Quinoa",Hacendado,gorduras,"500 g",389,14,66.1,6.1
8480000823229,"Pan de molde blanco sin corteza",Hacendado,cereais,"450 g",228.6,8,42,2.1
8402001028649,"mayonnaise",Hacendado,snacks,"",599,0.6,2.4,65
8480000561152,"Maxi york finas lonchas",Hacendado,carnes,"500 gr",102,11.3,7,3.2
8480000511461,"Grana Padano",Hacendado,laticinios,"100g",398,33,0,29
8480000340313,"Cacahuete tostado 0% sal añadida",Hacendado,gorduras,"400 g",618,24,13,50.4
8480000808707,"Maxi tortillas trigo wraps",Hacendado,cereais,"360 g (6 x 60 g)",293.3,8.3,50,5.8
8480000236227,"Queso rallado especial fundir",Hacendado,laticinios,"",284,19,7,20
8480000134455,"Panecillos 100% integral de trigo",Hacendado,cereais,"300g",382,13.3,59.6,7.8
8480000049032,"Limón exprimido",Hacendado,laticinios,"280 ml",29,0,7.1,0
8480000512086,"Queso Crema Finas Hierbas",Hacendado,gorduras,"200 g",167,5.9,6.4,13
8480000500212,"Queso de Cabra",Hacendado,laticinios,"200 g",335,17,1.1,29.2
8480000158109,"Patatas Light",Hacendado,cereais,"150 g",464,4.4,65,20
8480000342317,"Cocktail Mezcla",Hacendado,gorduras,"300 g",498,14.8,41,28.8
8480000861450,"Batatas Fritas Sabor Serrano",Hacendado,cereais,"150 g",533,6.6,50,33
8480000134516,"Cacahuete tostado 0% sal añadida",Hacendado,vegetais,"200 g",618,24,13,50.4
8480000342621,"Pistacho natural",Hacendado,gorduras,"100 g",607,25,11.5,49.6
8480000172280,"Mostaza de Dijon",Hacendado,snacks,"200 g",149,7.2,1.8,11
8402001024092,"Crackers Com Sal",Hacendado,snacks,"500 g",435.2,9.8,72,11
8480000336415,"Nachos Tex-Mex",Hacendado,snacks,"150g",514,5.4,57,28
8480000808929,"Hummus con olivas de Kalamata",Hacendado,snacks,"240 g",307,5.9,11.1,25.4
8480000167644,"Maíz Dulce",Hacendado,fruta,"140 g",82,2.5,14,1.4
8480000236210,"Queso especial fundir",Hacendado,laticinios,"200 g",284,19,7,20
8480000222169,"Emmental Gratinar",Hacendado,laticinios,"200 g",370,27,0.5,29
8480000512123,"Queso Crema Sin Lactosa",Hacendado,gorduras,"200 g",288,4.1,2.6,29
8480000235626,"Emmental",Hacendado,laticinios,"350 g",370,27,0.5,29
8480000155894,"Patatas fritas corte ondulado",Hacendado,cereais,"150 g",550,5.7,53,34
8402001022876,"Salsa fresca pesto con albahaca",Hacendado,snacks,"150g",373.3,4.9,6.2,57
8480000633224,"Delicias de Pollo",Hacendado,carnes,"500 g",231,13,25,8.6
8480000808943,"4 piadinas",Hacendado,cereais,"4 x 80 g",315,7,53,8.5
8480000341433,"Cacahuete frito con miel",Hacendado,gorduras,"200 g",591,21,25,44
8480000512017,"Mozzarella di bufala campana",Hacendado,laticinios,"280 g bruto, 125 g neto",247,14,0.5,21
8480000134073,"Mayonesa",Hacendado,snacks,"460 ml",599,0.6,2.4,65
8480000168276,"Salsa Mexicana",Hacendado,snacks,"300g",38,1.4,6.8,0.1
8480000223975,"Anitines panes especiales pizza",Hacendado,cereais,"80 g",493,13,50,26
8480000103765,"Crema soja",Hacendado,laticinios,"200 ml",141,1.8,6.3,12
8480000614162,"Gajo Rústico",Hacendado,cereais,"750 g",150,2.5,20,6.1
8480000511676,"Mousse de queso con ajo y finas hierbas",Hacendado,gorduras,"150 g",208,3.8,5.5,19
8402001034961,"Marinheiras Chia",Hacendado,snacks,"",416.7,11,67,11
8480000173621,"Salsa teriyaki",Hacendado,snacks,"250 ml",188,3.9,41.6,0.1
8402001034114,"Patamar Frita Queso Y Cebolla",Hacendado,snacks,"",525,6.1,49,33
8480000227805,"Crema de Queso Viejo Tostado",Hacendado,gorduras,"150 g",249,13,4.2,20
8480000341938,"Pipas girasol naturales peladas",Hacendado,gorduras,"200 g",602,25.8,3.8,50.9
8480000172297,"Mostaza a la antigua",Hacendado,snacks,"200g",158,7.7,2.3,10.7
8480000212511,"Manteiga Açores com Sal",Hacendado,gorduras,"250 g",733,0.5,0.6,81
8480000142153,"Digestive & Avema",Hacendado,snacks,"384 g (8 x 48 g)",468,7.3,61,20
8480000800572,"Sopa miso 100% vegetal",Hacendado,vegetais,"78,6 g",111,10.2,5.9,4.3
8480000134509,"Picos sin gluten",Hacendado,cereais,"100 g",392,2.9,86,3.5
8480000228994,"Pan de molde brioche",Hacendado,cereais,"400 g",322.2,7.8,54.7,9.3
8480000238436,"Bagel",Hacendado,cereais,"300g",286,11,53,2.7
8480000158925,"Light*",Hacendado,gorduras,"250 g",153.8,11.5,6,9
8480000609885,"Bechamel",Hacendado,snacks,"",153,3,10,11
8410109114157,"Senzza surtido bombones chocolate negro 70%",Hacendado,snacks,"180g",560,7,40,39
8480000213631,"Yogur sabor coco 0%",Hacendado,laticinios,"500 g (4 x 125 g)",35,4.3,4.4,0.1
8402001001451,"Pasta rellena de parmigiano reggiano y trufa",Hacendado,laticinios,"250 g",268,11,30,12
8480000142399,"Cacao",Hacendado,snacks,"",522,5.5,61,27.7
8480000197603,"Queijo Flamengo Light",Hacendado,laticinios,"",249,24,0.5,17
8480000650672,"Chicles Menta",Hacendado,snacks,"100 g",174,0.5,71,0.5
8402001001567,"Patatas fritas clásicas",Hacendado,cereais,"300 g (2 x 150 g)",530.2,7.1,52.3,30.8
8480000823274,"Pan de molde blanco",Hacendado,cereais,"460 g",251,9,46,2.6
8480000826657,"Pan tostado con pasas",Hacendado,cereais,"120g  (16/09/22)",417,9.8,71,9.7
8480000213105,"Yogures 0% sabores",Hacendado,laticinios,"1 kg (8 x 125 g)",35,4.3,4.4,0.1
8480000212696,"Mantequilla sin lactosa con sal",Hacendado,gorduras,"",734,0.5,0.8,81
8480000160461,"Tomate Seco",Hacendado,fruta,"95 g",140,2.9,7.8,9.5
8480000509338,"Snack de Queso",Hacendado,laticinios,"200 g",355,23,0.5,29
8402001012112,"Ranch",Hacendado,snacks,"250 ml",402,1.1,5,41.5
8402001023965,"turron torrao cacahuete amendoim",Hacendado,snacks,"250g",532,9.2,53,31
8402001040337,"Bifidus 0% Probióticos Kiwi",Hacendado,laticinios,"4 x 125 g",48,3.9,7.7,0.1
8402001019241,"Helado Peanut Butter Cups",Hacendado,laticinios,"500 ml",289,6,25,18
8402001030543,"Fruta Sumo",Hacendado,laticinios,"",80.8,1,17.5,0.6
8402001023743,"Snack Super Cuquis",Hacendado,snacks,"",453,7,71,15
8402001036606,"Yogurt 0,0 sabores",Hacendado,laticinios,"1kg (8 x 125 g)",35,4.3,4.4,0.1
8480000227072,"Grana Padano",Hacendado,laticinios,"100 g",398,33,0,29
8402001007897,"Yogures sabores",Hacendado,laticinios,"2 kg (16 x 125 g)",82,3.6,11.4,2.5
8480000348111,"Palomitas caramelo",Hacendado,snacks,"120 g",402,4.4,86,3.7
8480000180117,"Ventresca de atún claro en aceite de oliva",Hacendado,gorduras,"111 g (78 g)",205,25,0.7,11
8480000134134,"Tequeños de Queso",Hacendado,laticinios,"480 g",343,13.1,27.3,17.7
8402001012105,"Salsa para patatas gajo rústica",Hacendado,snacks,"250 ml",318,0.9,3.8,32.9
8402001027109,"Aperitivo queso balls",Hacendado,snacks,"100 g",489,6.1,63,23
8402001040368,"Bifidus Frutos Vermelhos",Hacendado,laticinios,"500g",47.2,4,7.5,0.1
8480000644916,"Mochi Coco",Hacendado,laticinios,"210 g (6 x 35 g)",250,2.2,45.8,6.3
8480000220028,"Cuidacol fresa 0%",Hacendado,laticinios,"1, 100g",47,3.3,5.2,1.4
8480000132123,"Cacao instant",Hacendado,snacks,"500 g",361,5.4,77,3.3
8480000827449,"Bizcocho recubierto de chocolate sin gluten",Hacendado,snacks,"4 x 50 g (200 g)",470,4.6,55.2,25.6
8402001011900,"Cherries Licor Chocolate Negro",Hacendado,snacks,"150 g",448,3.5,59,18
8402001012600,"Choco Orange",Hacendado,fruta,"150 g",409,3.1,64,15
8402001018749,"Salsa BBQ Zero",Hacendado,snacks,"330 g",88,2,18.6,0
8480000062468,"Tallarín",Hacendado,cereais,"500 g",361,13,72,1.5
8480000213372,"Mantequilla light",Hacendado,gorduras,"250 g",392,0.1,5.7,41
8480000227256,"Limonada light sem gás",Hacendado,snacks,"1,5 L",23,0.1,5.6,0
8480000677143,"Sadinillas Picantes en Tomate",Hacendado,carnes,"180 g (2 x 90 g) (130 g (2 x 65 g))",148,16.8,0.4,8.6
8402001025365,"Gelatina Sabores 0%",Hacendado,snacks,"600 g (6 x 100 g)",10,1.9,1.2,0
8480000610065,"Coliflor, brócoli y zanahoria",Hacendado,fruta,"1 kg",32,2.1,3.8,0.3
8480000590978,"Peito peru forno lenha",Hacendado,carnes,"150g",98,16,3,2.9
8480000805287,"Leite Meio-Gordo",Hacendado,laticinios,"1 l",48,3.4,4.9,1.6
8480000222138,"Mini biscote 100% integral",Hacendado,cereais,"",405,13,59,10
8402001025235,"Pudding +Proteinas",Hacendado,laticinios,"",77.5,10,5,1.5
8480000823304,"Maxi Burger pan",Hacendado,carnes,"300 g",277,9.4,44,6.2
8480000062604,"Macarrón Fino",Hacendado,cereais,"500 g",361,13,72,1.5
8480000212825,"Creme Vegetal",Hacendado,gorduras,"500 g",637,0.7,0.9,70
8480000103956,"Leite Meio-Gordo",Hacendado,laticinios,"1 l",46,3.2,4.8,1.6
8402001010286,"Batido de Frutos silvestres +PROTEINAS",Hacendado,laticinios,"640g (4 x 160g)",48.1,6.9,4.1,0.4
8402001010934,"Penne Rigate",Hacendado,cereais,"500 g",361,13,72,1.5
8402001010309,"Yogurt Proteínas Coco",Hacendado,laticinios,"",47.5,6.9,3.8,0.4
8480000142252,"Água e Sal",Hacendado,snacks,"",436,9.4,73.9,10.6
8480000111487,"Café & Achicoria",Hacendado,snacks,"250 g",337,11,66,0
8480000160232,"Polpa de Tomate com Cebola e Alho",Hacendado,snacks,"500 g",67,1.7,11,1.3
8480000861603,"Leite Meio-Gordo Sem Lactose",Hacendado,laticinios,"1 l",47,3.3,4.9,1.6
8480000587220,"manga laranja Light*",Hacendado,snacks,"",20,0.2,3.9,0.1
8480000401861,"Azeite Virgem Extra",Hacendado,gorduras,"750 ml",821,0,0,91.2
8402001019821,"+Proteínas Stracciatella",Hacendado,laticinios,"",51,7,4.3,0.4
8402001034572,"Topping salad",Hacendado,snacks,"",382,13.5,21.6,24.4
8480000323675,"Gelatina fresa 0% azúcares",Hacendado,snacks,"26g",9,1.6,0.7,0
8480000174017,"Alho",Hacendado,snacks,"310 ml",267,1.6,15.7,22
8480000224088,"Chocolate blanco fussion relleno con coco y almendras troceadas",Hacendado,snacks,"100 g",535,5.7,55,32
8480000136329,"Filetes de Caballa del Sur en Tomate",Hacendado,carnes,"240 g (2 x 120 g) (164 g (2 x 82 g))",141,17.9,3,6.4
8480000512352,"Mozzarella Light",Hacendado,laticinios,"",153,17,1,9
8480000392985,"Sumo, Maçã",Hacendado,laticinios,"1 l",43,0.1,11.3,0.1
8480000609274,"Queijo Flamengo",Hacendado,laticinios,"200 g",358,23,0.5,29
8480000157737,"x4 indivisible",Hacendado,gorduras,"480 (4 x 120 g) / 336 g (4 x 84 g)",427.9,21.4,0.6,38.1
8480000228406,"Lagartos",Hacendado,snacks,"",454,6,65.5,18.3
8402001022913,"Limonada frambuesa sin gas",Hacendado,laticinios,"",18,0.1,4.3,0
8480000235213,"Azeite Virgem Extra Seleção",Hacendado,gorduras,"",821,0,0,91.2
8402001016547,"Frutas con Yogur",Hacendado,laticinios,"520 g (4 x 130 g)",71,1.6,14,1
8480000590961,"Peito de Peru Fatias Finas",Hacendado,carnes,"150 g",98,16,3,2.9
8480000260413,"Alubia Negra",Hacendado,gorduras,"260 g (420 g)",74,4.9,10.4,0.4
8480000156945,"Tea verde",Hacendado,snacks,"1.5 l",8.6,0,1.9,0
8480000392909,"Néctar Tropical Cenoura",Hacendado,laticinios,"",17,0,4.2,0
8480000160218,"Polpa de Tomate",Hacendado,fruta,"",44,2.1,7.4,0.5
8402001005855,"Manga Papaia",Hacendado,laticinios,"",31,2.5,4.4,0.4
8480000142283,"Maria",Hacendado,snacks,"300 g (12 x 25 g)",429,7.4,78.4,8.9
8480000231680,"Requeijão Light",Hacendado,laticinios,"200 g",111,9.9,6.5,5
8480000187390,"Calamares rellenos en salsa americana",Hacendado,carnes,"115 g",172,14,7.5,9.5
5602711110327,"Açúcar",Hacendado,snacks,"1 kg",400,0,100,0
8480000124937,"Chocolate negro 85%",Hacendado,snacks,"200 g",576,12,22,46
8480000645203,"Mini Vainilla Cookie",Hacendado,laticinios,"378 g / 510 ml",342,5.2,43.1,16.4
8480000636430,"Pizza Americana Rellena de Cheddar",Hacendado,cereais,"540 g",236,12,29,7.7
8480000285904,"Agua Limon",Hacendado,snacks,"1 l",10,0,2.2,0
8480000644596,"Helado 3 sabores",Hacendado,laticinios,"1000 ml / 533 g",204,3.2,25,10
8480000630230,"Bacalao Dorado",Hacendado,carnes,"240 g",263,9.3,17,17
8480000213020,"Sabor Stracciatella",Hacendado,laticinios,"640 g (4 x 160 g) / 600 ml (4 x 150 ml)",89,1.8,12.4,3.6
8480000392848,"Néctar maracuyá",Hacendado,laticinios,"",61,0.2,14.1,0.1
8480000111470,"Cevada 100% Sem café",Hacendado,laticinios,"200g",359,5.3,76,0
8480000060181,"Naranja",Hacendado,laticinios,"1,5 l",6.5,0.1,1.1,0
8480000180612,"Atum ao Natural",Hacendado,carnes,"270 g",97,21,1,1
8480000157768,"Atum x4",Hacendado,carnes,"",363,18,0.1,32
8402001008764,"Frutos Silvestres",Hacendado,gorduras,"350 g",250,0.5,60,0.5
8402001019425,"Mozzarella Pizza-Roma Light",Hacendado,laticinios,"200 g",243,25,2,15
8480000235312,"Zamburiñas en salsa de vieira",Hacendado,carnes,"111 g (63 g)",157,12,3.3,10
8480000403643,"Lino",Hacendado,gorduras,"",479,22,13,31
8480000590954,"Peito de Frango em Forno de Lenha",Hacendado,carnes,"150 g",83,16,2.1,1
8480000057815,"Fiambre da Perna Extra Fatias",Hacendado,carnes,"200 g",95,18,1.5,1.9
8480000861412,"Farinha de Trigo T65 Sem Fermento Farinha de Força",Hacendado,cereais,"1 kg",363,16,76,1.3
8480000636065,"2 bases pizza sin gluten",Hacendado,cereais,"400 g (2 x 200 g)",291,1.3,66.5,2.2
8480000846549,"Rosquillas al cacao",Hacendado,gorduras,"182 g",504,5,48,32
8480000645098,"Sorbete Limón",Hacendado,laticinios,"1000 ml / 720 g",131,0.7,30,0.8
8480000212368,"Sabor Fresa",Hacendado,laticinios,"",34,2.6,4.4,0.3
8480000213594,"Iogurte Líquido Frutos Tropicais",Hacendado,laticinios,"640 ml (4 x 160 ml) / 600 ml (4 x 150 ml)",31,2.6,4.5,0.3
8480000285935,"Ice Tea Melocotón",Hacendado,snacks,"2 l",21,0,4.8,0
8480000103963,"Leite Magro",Hacendado,laticinios,"1 l",33,3.2,4.8,0.1
8402001000836,"Batido sabor Fresa",Hacendado,laticinios,"6 x 200 ml",51,1.9,9.6,0.5
8480000180636,"Filetes Atum ao Natural",Hacendado,carnes,"",97,21,1,1
8480000392893,"Ananás Coco Light*",Hacendado,laticinios,"1 l",23,0.3,5.5,0
8480000675491,"Quijote (Queso) Flamengo",Hacendado,laticinios,"500 Gr.",358,23,0.5,29
8480000087430,"Camponesa",Hacendado,fruta,"350 g",46,2,3.6,0.7
8480000514356,"Queijo Fresco Light",Hacendado,laticinios,"200 g",105,13,3.1,4.6
8480000612823,"Judía Verde Redonda",Hacendado,fruta,"1 kg",31,1.9,4.2,0.2
8402001018787,"Helado Cacahuete",Hacendado,laticinios,"288 g",354,6.5,34,21
8480000051837,"Arroz Carolino",Hacendado,gorduras,"1 kg",345,7.1,77,0.7
8480000514455,"Queijo Fresco sem Lactose",Hacendado,laticinios,"125 g (2 x 62,5 g)",160,10,8,12
8480000642462,"Mini Nata",Hacendado,laticinios,"444 ml (12 x 37 ml) / 264 g (12 x 22 g)",352,4.7,40.3,18.6
8480000167781,"Pimentos assados vermelhos e verdes",Hacendado,fruta,"",30,1,5.2,0.7
8480000201461,"Fresa SinLactosa",Hacendado,laticinios,"4 x 160 g",64,2.3,10.2,1.6
8480000212375,"Iogurte Líquido Ananás e Coco",Hacendado,laticinios,"600 ml (4 x 150 ml)",35,2.6,4.6,0.3
8480000199997,"Cremoso plátano naranja",Hacendado,laticinios,"500 g (4 x 125 g)",87,3.6,12.3,2.6
8480000392879,"Néctar frutos vermelhos light",Hacendado,laticinios,"",18,0.1,4.5,0
8480000323682,"Gelatina Piña",Hacendado,snacks,"28 g",9,1.6,0.7,0
8480000514349,"Queijo Fresco Magro",Hacendado,laticinios,"85 g",105,12.9,3.1,4.6
8480000514233,"Queijo Flamengo",Hacendado,laticinios,"500 g",367,24,0.2,30
8480000642219,"Fresa Nata",Hacendado,laticinios,"",270,3.6,37,12
8480000584281,"Presunto Serrano Reserva",Hacendado,carnes,"",247.8,33.5,1,12.2
8480000142344,"Cookies Finas",Hacendado,snacks,"150 g",480,6,63,22
8480000212849,"Creme Vegetal Culinária",Hacendado,laticinios,"",531,0,0,59
8402001016035,"Abóbora com Noz",Hacendado,gorduras,"",254,0.5,61,0.7
8480000514059,"Queijo Flamengo",Hacendado,laticinios,"",372,23,2.2,30
8480000058096,"Requeijão",Hacendado,laticinios,"200 g",147,8.9,5,10.1
8480000867391,"Gruesa sin Corteza",Hacendado,cereais,"450 g",237,8.2,42,3.1
8480000593498,"Salsichas tipo Frankfurt",Hacendado,carnes,"200 g (350 g)",160,10,3.1,12
8402001023156,"Batata frita Tubo",Hacendado,cereais,"175g",542,3.6,58,32
8402001031274,"Gelatina Sabores 0% Açucares",Hacendado,snacks,"",10,1.9,0,0
8402001036248,"Full Tropic Zero",Hacendado,laticinios,"50 cl",4.1,0,0.4,0
8480000111340,"Cappuccino Pepitas de Chocolate",Hacendado,snacks,"300 g",406,6.4,78,6.5
8480000212535,"Bifidus con Kiwi - Frambuesa",Hacendado,laticinios,"4 x 160 g",34,2.6,4.6,0.3
8480000212429,"Sabor Lima Limón",Hacendado,laticinios,"640 g (4 x 160 g) / 600 ml (4 x 150 ml)",85,1.9,12.3,3.1
8480000514332,"Queso Fresco Semidesnatado",Hacendado,laticinios,"200 g",153,9.8,3.4,11
8480000210616,"Postre de chocolate proteínas",Hacendado,laticinios,"480 g (4 x 120 g)",81,8.4,8.7,1.1
8480000645227,"Gelado de fruta - Lima Limão",Hacendado,laticinios,"6 x 110 ml",93,0,23,0
8480000593504,"Salsichas Aves",Hacendado,carnes,"100 g",159,11,4,11
8480000151278,"Calabaza",Hacendado,gorduras,"280 g",280,0.5,69,0.3
8480000211200,"Maracuyá",Hacendado,laticinios,"500 g (4 x 125 g)",145,3.1,14.7,8.2
8480000838797,"Torrada gruesa especial",Hacendado,cereais,"820 g",255,9,48,2.2
8480000060303,"Ice Tea Pêssego Zero",Hacendado,snacks,"",1.8,0,0.1,0
8402001010484,"Yogur proteínas stracciatella 0%",Hacendado,laticinios,"4x125g",56,9.6,3.3,0.5
8480000180605,"Atum",Hacendado,carnes,"385 g",363,18,0.5,32
8480000292216,"Farinha de Mandioca",Hacendado,cereais,"500 g",347,1.6,82,0
8480000514219,"Queijo Flamengo",Hacendado,laticinios,"500 g",349,23,1.1,28
8480000401892,"Azeite",Hacendado,gorduras,"750 ml",821,0,0,91.2
8402001022401,"Creme Vegetal Líquido",Hacendado,gorduras,"",658,0,75,73
8402001002069,"Sazonador BBQ",Hacendado,snacks,"57 g",299,3,65.7,1.3
8480000514325,"Queijo Fresco meio gordo",Hacendado,laticinios,"",177,14.1,1.4,12.8
8480000591753,"Alheira Alheira de Mirandela – IGP",Hacendado,carnes,"200 g",222,16,18,9.2
8480000805294,"Leite Magro",Hacendado,laticinios,"",35,3.5,5,0.1
8402001031427,"Spaghetti",Hacendado,cereais,"",351,13,70,1.4
8480000333285,"Patatinas Extra Crunch",Hacendado,cereais,"120 g",545,3.5,55,33
8480000152169,"Melocoton en almíbar",Hacendado,fruta,"480 g (850 g)",74,0.5,18,0
8480000133175,"cacao a la Taza Instant",Hacendado,snacks,"500 g",349,6,70,2.8
8480000336224,"Patatas fritas sabor ketchup",Hacendado,cereais,"",545,6.7,53,33
8480000212528,"Bifidus con Lima - Limón",Hacendado,laticinios,"",33,2.6,4.3,0.3
8480000212412,"Sabor Fresa-Plátano",Hacendado,laticinios,"640 g (4 x 160 g) / 600 ml (4 x 150 ml)",85,1.9,12.3,3.1
8480000213358,"SinLactosa Tropical",Hacendado,laticinios,"640 g (4 x 160 g) / 600 ml (4 x 150 ml)",79,2.2,13.3,1.6
8480000185808,"Bacalhau (azeite E Alho)",Hacendado,carnes,"",184,28,0.5,8
8480000584274,"Presunto Serrano Reserva Fatias",Hacendado,carnes,"240 g",247.8,33.5,1,12.2
8480000138125,"Roditas Chocolate negro",Hacendado,snacks,"300 g (4 x 75 g)",490,8.1,63,22
8480000292223,"Polvilho Doce",Hacendado,cereais,"500 g",352,0.7,87,0.1
8480000514202,"Queijo Flamengo",Hacendado,laticinios,"200 g",349,23,1.1,28
8480000679802,"Postre proteínas chocolate nata",Hacendado,laticinios,"150 g",82,10,5,2.4
8402001005848,"Yogur de Plátano, Arándanos y Avena",Hacendado,laticinios,"",32,2.5,4.7,0.3
8480000514431,"Queijo Fresco Light",Hacendado,laticinios,"125 g (2 x 62,5 g)",99,11,4.4,4
8480000610690,"Mix Oriental",Hacendado,fruta,"400 g",32,2,4.5,0.2
8480000295811,"Bacon Tiritas",Hacendado,carnes,"250 grs",289,15,1,25
8480000591999,"Chouriço Extra",Hacendado,carnes,"",307,23,8.7,20
8480000630148,"Cordon Bleu",Hacendado,carnes,"360 g",221,17.5,14.2,20.5
8402001019647,"Tostados Com Azeite",Hacendado,snacks,"",427,9.9,71,11
8480000160201,"Polpa de Tomate",Hacendado,fruta,"",44,2.1,7.4,0.5
8480000173911,"Tempero Para Frango",Hacendado,snacks,"",36,1.9,5,0.6
8480000514301,"Queijo Flamengo Açores",Hacendado,laticinios,"200 g",379,24,3.2,30
8480000057617,"Aperitivo Queijo Mistura",Hacendado,laticinios,"",331,20,0.5,28
8480000401885,"Olive oil",Hacendado,gorduras,"75 cl",821,0,0,91.2
8402001025211,"Leite Inteiro",Hacendado,laticinios,"1 l",65,3.3,4.9,3.6
8480000301673,"Eggs",Hacendado,carnes,"",141,12,0.7,10
5608247046468,"Hambúrguer Bovino",Hacendado,carnes,"",180,13.9,3.6,12.2
8402001042140,"Energy Drink Zero Berries",Hacendado,snacks,"",2.7,0,0.2,0
8480000142085,"Digestive Avena Chocolate",Hacendado,snacks,"300 g",490,7.8,61,23
8480000645180,"Helado Vainilla",Hacendado,laticinios,"1000 ml / 500 g",218,2.8,24,12
8480000124920,"Chocolate negro 85% cacao",Hacendado,snacks,"100 g",576,12,22,46
8480000285942,"Ice Tea Limón",Hacendado,snacks,"2 l",20,0,4.7,0
8480000514561,"Queso Ilha",Hacendado,laticinios,"",418,27.5,1.9,33.4
8480000063038,"Hélices",Hacendado,cereais,"500 g",355,12,71,1.8
8480000260383,"Alubia Pinta",Hacendado,fruta,"260 g (420 g)",93,6.2,13.1,0.4
8480000110794,"Expresso Moagem Fina Lote Forte",Hacendado,vegetais,"250 g",334,19,1.3,13
8480000138132,"Roditas Chocolate leche",Hacendado,snacks,"4 x 75 g",479,6.3,63,22
8480000260352,"Alubia Roja",Hacendado,vegetais,"260 g (420 g)",89,6.3,11.5,0.4
8480000225634,"Clásicas Light",Hacendado,cereais,"150 g",474,6.5,60,22
8480000230737,"Cocktail",Hacendado,snacks,"500 ml",425,1,10.4,43
8480000231659,"Queijo Curado Mistura / Pimentão 2 Leites",Hacendado,laticinios,"",283,15.3,5,22.5
8480000224521,"Mini Boom",Hacendado,laticinios,"8 x 44g",359.1,4,35.3,22.4
8480000260406,"Alubia Negra",Hacendado,gorduras,"845 g",74,4.9,10.4,0.4
8480000864819,"Helado proteínas plátano brownie",Hacendado,laticinios,"500 ml. 265 g.",147,9.3,17,4.8
8480000632326,"Preparado para Arroz de Marisco",Hacendado,carnes,"800 g",93,12,5,2.6
8480000514240,"Queijo Flamengo Light",Hacendado,laticinios,"200 g",242,28,3,13
8480000514448,"Queijo Fresco Light",Hacendado,laticinios,"250 g",99,11,4.4,4
8402001007750,"Tikka Masala curry",Hacendado,snacks,"180 g",151,1.9,12.8,10.2
8480000824776,"100% Integral Familiar",Hacendado,cereais,"820 g",239,10,40,3
8402001016523,"Sazonador Sabor Cheese Bacon",Hacendado,snacks,"",288,2,66.3,1.2
8480000239433,"Bebida de Amêndoas",Hacendado,gorduras,"",29,0.5,3.5,1.4
8480000512413,"Light",Hacendado,laticinios,"200 g",142,9.9,7.1,8
8480000054623,"Leite Cozido",Hacendado,laticinios,"397 g",318,6.3,57.3,7.1
8480000591777,"Alheira Aves",Hacendado,carnes,"200 g",210,13,15,11
8480000219770,"Fiambre da Pá Fatias",Hacendado,carnes,"200 g",94,13,6.6,1.7
8480000045355,"Girassol",Hacendado,gorduras,"3 l",821,0,0,91.4
8480000110787,"Forte",Hacendado,snacks,"250 g",321,18,13,11
8480000110817,"Classic",Hacendado,snacks,"250 g",330,18,1.2,12
8480000584311,"Presunto",Hacendado,carnes,"180 g (2 x 90 g)",234.2,33.7,1,10.6
8480000224699,"Molho Inglês",Hacendado,snacks,"",68,0,17,0.1
8480000592576,"Chouriço Corrente",Hacendado,carnes,"",361,19,1.6,31
8480000591944,"Chouriço",Hacendado,carnes,"",348,16.5,2.4,30.3
8480000180599,"Atum",Hacendado,gorduras,"",363,18,0.5,32
8480000514226,"Queijo Flamengo",Hacendado,laticinios,"200 g",367,0.2,0.2,30
8480000054562,"Queijo Curado Mistura / Finas Ervas 2 Leites",Hacendado,laticinios,"",315,21.8,11,20.4
8480000514417,"Queijo Fresco Natural",Hacendado,laticinios,"125 g (2 x 62,5 g)",90.4,10,3.4,14
8480000514271,"Queijo Ilha",Hacendado,laticinios,"200 g",402,26,0.2,33
8480000603494,"Mantequilla Açores con Sal",Hacendado,gorduras,"250 g",744,0.6,0.8,82
8480000861771,"Açúcar Amarelo",Hacendado,snacks,"1 kg",400,0.1,100,0
8480000591760,"Alheira Caça",Hacendado,carnes,"200 g",274,9.5,14,20
8480000231673,"Requeijão",Hacendado,laticinios,"170 g",189,7.4,3.8,16
8480000514370,"Queijo Fresco Cabra",Hacendado,laticinios,"",186,11,4,14
8480000584502,"Chouriço Porco Preto",Hacendado,carnes,"200 g",475,23,3,41
8480000584601,"Farinheira Porco Preto",Hacendado,carnes,"200 g",597,8,26,51
8480000514363,"Queijo Fresco Ovelha",Hacendado,laticinios,"",186,11,4,14
2350989005106,"Curado",Hacendado,laticinios,"",431,25,1.8,36
8480000206824,"Natural con azúcar Caña",Hacendado,laticinios,"1 kg",150,3.7,11.3,10
8480000531575,"Salchichas Vegana",Hacendado,carnes,"400 g (2 x 200 g)",197,8,8.5,15
8480000171719,"Salsa Queso",Hacendado,snacks,"300 g",89.5,3,11.2,3.5
8480000198136,"Ciclamato & Sacarina Líquida",Hacendado,snacks,"150 ml",0.8,2,0.2,0
8480000551344,"Lomo de Pavo",Hacendado,carnes,"100 g (2 x 50 g)",215,40,0.7,5.8
8480000640789,"Cremoso limon",Hacendado,laticinios,"4 x 100 ml",61,0.3,10,0.3
8480000399755,"Fresh Jengibre & Manzana",Hacendado,laticinios,"",44,0.2,10.7,0
8480000644350,"Vainilla macadamia",Hacendado,laticinios,"500 ml",268,3.8,27,16
8480000645081,"Polvito",Hacendado,laticinios,"1000 ml / 550 g",211,3.1,31,8.3
8480000827203,"Sin Gluten",Hacendado,snacks,"",444,3.9,50,25
8421542016540,"Fresa con Trozos",Hacendado,laticinios,"575 g / 900 ml",189,2.9,29,6.7
8480000173485,"Gajo Rustica salsa",Hacendado,snacks,"250 ml",318,0.9,3.8,32.9
8480000114433,"Quema Grasas",Hacendado,laticinios,"30 g (20 x 1,5 g)",2,0,0,0
8480000682987,"Gelatina Sabor Arándanos",Hacendado,snacks,"400 g (4 x 100 g)",10,1.9,1.2,0
8480000514035,"Queso Flamengo",Hacendado,laticinios,"",371,23,1.9,30
8480000512291,"Queso Fresco Quark",Hacendado,laticinios,"250 g",102,11,4.3,4.5
8480000682918,"Gelatina Sabor Fresa",Hacendado,snacks,"400 g (4 x 100 g)",10,1.9,1.2,0
8480000657381,"Calendario de adviento chocolate con leche",Hacendado,snacks,"75 g",549,7,57,32
8480000211989,"Yogures sabor plátano",Hacendado,laticinios,"500 g (4 x 125 g)",82,3.6,11.4,2
8480000591074,"Chorizo de Pavo",Hacendado,carnes,"150 g (2 x 75 g )",252,26,3.3,15
8480000634917,"Croquetas Setas",Hacendado,snacks,"350 g",175,4.3,23.1,6.8
8480000095695,"Miel Stars",Hacendado,cereais,"375 g",388,6,85,2.2
8480000142009,"Digestive 0%",Hacendado,snacks,"400 g",483,7.1,65,20
8480000342805,"Popcorn caramelo & canela",Hacendado,snacks,"",389,4.3,83,3.1
8480000590923,"Fiambre da Perna Extra em Forno de Lenha Fatias Finas",Hacendado,carnes,"150 g",100,18,1.5,2.4
8480000174178,"Ketchup",Hacendado,snacks,"330 g",107,1.1,24.7,0.2
8480000180575,"Atum Posta em Óleo de Girassol",Hacendado,carnes,"120 g (84 g)",363,18,0.5,32
8480000591784,"Alheira Vegetariana",Hacendado,carnes,"180 g",140,4,13,8
8480000592743,"Tiritas Bacon",Hacendado,carnes,"150 g",289,15,1,25
8480000151216,"Doce de Mirtilos",Hacendado,gorduras,"355 g",206,0.5,49,0.5
8480000045348,"Girassol",Hacendado,gorduras,"1 l",821,0,0,91.4
8480000591821,"Morcela Cozer / Assar",Hacendado,carnes,"220 g",524,8.1,16,47
8480000157911,"Leite com Chocolate",Hacendado,laticinios,"",63,3.4,9.5,1.2
8480000523471,"Paté de Sardinha",Hacendado,gorduras,"88 g (4 x 22 g)",267,14,2.4,22
8480000221377,"Rolling Choc",Hacendado,snacks,"90 g",483,7.9,63,21
8480000332134,"Aceitunas Negrinha Douro",Hacendado,vegetais,"155 g",149,1.5,0.6,14.8
8480000332189,"Azeitonas Negrinha do Douro ao Natural",Hacendado,vegetais,"210 g (350 g)",149,1.5,0.6,14.8
8480000187413,"Calamares en Caldeirada",Hacendado,carnes,"",150,10,1.8,11
8480000610829,"Grelos Porções",Hacendado,fruta,"400 g",19,2.7,0.1,0
8480000231901,"Paté de Pato",Hacendado,carnes,"",385,4.7,6,38
8480000104267,"Leite Magro sem Lactose",Hacendado,laticinios,"",33,3.2,4.8,0.1
8480000590992,"Chourição tipo Espanhol",Hacendado,carnes,"150 g",325,22.3,2.7,25
0400440080745,"Sopa de Legumes",Hacendado,vegetais,"63 g",339,9.6,56,6.5
8480000332219,"Azeitonas Pretas com Caroço",Hacendado,vegetais,"",153,0.5,0.1,16
8480000632340,"Lulas Recheadas",Hacendado,carnes,"500 g",153,10,7,9.3
2350989004260,"Curado",Hacendado,laticinios,"0,400 kg",431,25,1.8,36
8480000848383,"Biscoitos Canela",Hacendado,snacks,"500 g",469,5,66.8,19.7
8480000862693,"Mejillones Natural Pequeños",Hacendado,carnes,"",103,17,1.9,3
8480000862686,"Mejillones Escabeche Picante Pequeños",Hacendado,carnes,"",233,12.8,2.1,19.3
8480000862679,"Mejillones Escabeche",Hacendado,carnes,"",233,12.8,2.1,19.3
8480000180582,"Atum Posta ao Natural",Hacendado,carnes,"84 g",79,18,0.5,0.7
8480000602930,"Negro 92%",Hacendado,snacks,"100 g",608,10,6.5,56
8480000593474,"Fiambre da Perna Extra Fatias",Hacendado,carnes,"200 g",77,14.4,1.9,1.3
8480000592606,"Linguiça Picante",Hacendado,carnes,"180 g",357,19,7.2,28
8480000512178,"Hamburguer",Hacendado,laticinios,"150 g",230,9.8,14,14.7
8480000111548,"Cereais Sem café Cevada, Chicória e Centeio",Hacendado,laticinios,"",334,4.5,80,0
8480000514424,"Queijo Fresco Natural",Hacendado,laticinios,"250 g",181,10,3.4,14
8480000118714,"Chicória",Hacendado,snacks,"250 g",337,11,66,0
8480000592767,"Bacon Naco",Hacendado,carnes,"200 g",227,19,1.7,16
8480000514257,"Queijo Curado sem Lactose",Hacendado,laticinios,"200 g",289,27,1.9,19
8480000401908,"Azeite-Composto por Azeite Refinado e Azeite Virgem",Hacendado,gorduras,"3 l",821,0,0,91.2
8402001008740,"Arroz con pollo",Hacendado,carnes,"600 g",103,5.4,17,1.3
8402001015144,"+Proteínas Preparado para Pancakes",Hacendado,cereais,"400 g",371,46,27.1,7.4
8480000512192,"Queijo Fresco Batido",Hacendado,laticinios,"500 g",46,8,3.5,0.1
8402001001468,"Pasta rellena de boletus",Hacendado,cereais,"",281,10,29,14
8480000156037,"Receita Rústica",Hacendado,snacks,"150 g",519,6.9,56,29
8480000514400,"Requeijão Seia",Hacendado,laticinios,"200 g",193,11,5.8,14
8480000104236,"Sem Lactose Leite Meio-Gordo",Hacendado,laticinios,"",47,3.3,4.9,1.6
8480000514745,"Queijo Flamengo",Hacendado,laticinios,"300 g",356,22,1.4,29
8480000514042,"Queso Flamengo Açores",Hacendado,laticinios,"320 g",363,23,0.2,30
8480000110862,"Descafeinado",Hacendado,snacks,"250 g",324,15,15,12
8402001018770,"Coco",Hacendado,laticinios,"288 g (6 x 48 g) / 300 ml (6 x 50 ml)",366,4.6,32,24
8480000080592,"Cotovelos Riscados",Hacendado,cereais,"500 g",354,12,72.2,1.3
8402001019890,"Pérolas",Hacendado,cereais,"500 g",355,12,71,1.8
8402001019883,"Bagos",Hacendado,cereais,"500 g",355,12,71,1.8
8480000260345,"Alubia Roja",Hacendado,vegetais,"845 g",89,6.3,11.5,0.4
8480000260246,"Feijão branco",Hacendado,gorduras,"845gr",83,5.8,10.7,0.4
8402001008658,"Sorbete Mango",Hacendado,laticinios,"",140,0.1,34,0.5
8480000401878,"Azeite Virgem Extra",Hacendado,gorduras,"3 l",821,0,0,91.2
8480000110831,"Cafe Extra Forte",Hacendado,snacks,"250 g",344,15,13,15
8480000593740,"Salsicha Churrasco",Hacendado,carnes,"200 g (4 x 50 g)",230,14.5,2.5,18
8480000587084,"Presunto Serrano Tapas",Hacendado,carnes,"",272,29.8,1,12.8
8470440074848,"Presunto Serrano Reserva Extrafino",Hacendado,carnes,"",247.8,33.5,1,12.2
8480000590916,"Paio York Fatias",Hacendado,carnes,"",125,20,1.4,4.4
8480000173973,"Francesinha",Hacendado,snacks,"500 g",29,0.1,6.3,0.1
8480000592583,"Chouriço Corrente",Hacendado,carnes,"",361,19,1.6,31
8480000591791,"Farinheira",Hacendado,carnes,"",424,7.5,40,26
2350798005823,"Queso Manchego DOP Curado",Hacendado,laticinios,"Variável, ~0,250 kg",435,25,0.5,37
8480000083692,"Queijo Amanteigado",Hacendado,laticinios,"220 g",317,17.4,1,27
8480000509963,"Tábua de Queijos",Hacendado,laticinios,"",421,25,25,35
8480000514752,"Queijo",Hacendado,laticinios,"600 g",356,22,1.4,29
8480000591814,"Barriga Fumada",Hacendado,carnes,"",330,27,2.3,25
8480000592019,"Chouriço Extra Picante",Hacendado,carnes,"200 g",307,23,8.7,20
8480000592590,"Linguiça",Hacendado,carnes,"180 g",357,19,7.2,28
2357662003220,"Orelha Fumada",Hacendado,carnes,"",334,24,2.2,25.5
8402001049729,"Lentils",Hacendado,snacks,"100 g",413,14,60,12
5600269943091,"Madalenas Integrais",Hacendado,snacks,"",428,5.5,47,24
8402001051517,"Laranja",Hacendado,laticinios,"1L",44,0.6,10,0.1
8402001057496,"Amandes grillées",Hacendado,gorduras,"",619,23,6.9,54
8402001057335,"Rebuenas Chocolate Blanco",Hacendado,snacks,"500 g",495,5.1,68,22
8480000236432,"Pan de molde integral sin corteza",Mercadona,cereais,"450 g",207.1,9.2,34,2.5
8480000836687,"Bijú 11 unidades",Mercadona,cereais,"495 g",293,10,59,1.3
8402001030819,"Batatas Clássicas Light",Mercadona,cereais,"",483,7.1,57,24
8480000143112,"Queijo Flamengo Light",Mercadona,laticinios,"",250,24,0.5,17
