EAN,Nome,Marca,Grupo (estimado),Embalagem,kcal/100g,Proteína,Hidratos,Gordura,Aviso
5604260265961,"Leite com Chocolate","Pâturages",laticinios,"200 ml",73,3.3,12,1.2,
5604260280506,"Iogurte tipo greco stracciatella","Pâturages",laticinios,"4 x 125 g",146,2.5,15,8.3,
5604260283415,"Frutimax Ananás","Pâturages",laticinios,"500 g (4 x 125 g)",89,3,13,2.7,
5604260276042,"Gofres","Chabrior",snacks,"150 g",422,9.8,51.3,20.2,
5604260283422,"Frutimax Alperce Pêssego","Pâturages",laticinios,"",111,3.8,17,3.4,
5604260277636,"Amêndoas Lisas Cores","Intermarché",gorduras,"180 g",420,3.6,85,6.9,
5604260276813,"Iogurte Grego Amora Framboesa","Pâturages",laticinios,"500 g (4 x 125 g)",143,2.4,17.4,7.1,
5604260162789,"Nata Uht Light","Pâturages",laticinios,"",206,2.8,3.8,20,
5604260269877,"Crack Star Cereais com Mel","Chabrior",cereais,"375 g",388,6,85,2.2,
5604260273102,"Bolacha Relieve com mél e coco","Chabrior",snacks,"700 g",157,6,70,18,kcal incoerente com os macros
5604260276721,"Gelatina sabor morango","Chabrior",snacks,"30 g",9,2.2,0,0,
5604260277001,"Gelatina sabor a morango","Chabrior",snacks,"170 g",394,11,87,0.5,
5604260276738,"Gelatina sabor Ananás","Chabrior",snacks,"30 g (2 x 15 g)",9,2.2,0,0,
5604260056552,"Pão Especial para Cachorro","Chabrior",cereais,"330 g",282,9.8,50,4.2,
5604260257485,"Leite UHT Magro","Top Budget",laticinios,"1 L",33,3.2,4.8,0.1,
5604260257492,"leite UHT Meio-Gordo","Top Budget",laticinios,"1 l",48,3.4,4.9,1.6,
5604260270989,"Água de Nascente","Top Budget",snacks,"",0,0,0,0,
5604260283828,"Atum Posta em óleo vegetal","Top Budget",carnes,"110 g",191,25,0.5,10,
5604260129409,"Queijo Gouda","Top Budget",laticinios,"225 g",354,24,0.5,29,
5604260167029,"Queijo Flamengo fatiado","Top Budget",laticinios,"225 g",341,25,1.7,26,
3564700838952,"Cappuccino Goût Vanille Latte","Marque Repère",snacks,"310 g",409,8.1,74,7.1,
3564700883013,"Les Minis sablés cereale","Marque Repère",snacks,"160 g",500,6.4,63,24,
3564700415085,"Petit pot de crème choco","Marque Repère",laticinios,"800 g (8 x 100 g)",165,3.4,19.8,7.8,
0560590243466,"Ravioli 4 Fromages","Marque Repère",cereais,"",289,12,37,10,
0560120078957,"Ma Crème aux œufs caramel","Marque Repère",laticinios,"",164,3.8,24,6.1,
0560460655092,"Maïs aux 2 Poivrons","Marque Repère",fruta,"",72,2.6,10,1.8,
0560281571120,"Riz cantonais","Marque Repère",cereais,"",125,5.1,21,2.2,
0560590013274,"Haricots rouges","Marque Repère",vegetais,"400 g",96,7.2,12,0.7,
0560560603832,"Bûche Fondante","Marque Repère",laticinios,"",279,18,0.5,23,
0560020049262,"Salsifis","Marque Repère",fruta,"500 g",28,1.1,4.1,0.5,
