EAN,Nome original,Marca,Grupo,kcal,Proteína,Hidratos,Gordura
"'20026394","Weiße Riesenbohnen in Tomatensoße","Eridanous",gorduras,143,5.3,11.6,7
"'20069506","Vanilla Flavour Layered Ice Cream Log","Gelatelli",laticinios,264,2,24.8,17.3
"'20091675","Filetes de caballa del sur en aceite de Oliva","Lidl",gorduras,304,17.1,0.5,26.2
"'20103354","SOFT CHEESE","Lidl",gorduras,141,6.9,3,11
"'20189105","Wellness organic tea","Lord Nelson",laticinios,0,0.1,0.2,0
"'20294571","Schoko-Vanille","Bon Gelati",laticinios,284,3.8,38,12.6
"'20458560","Queso fresco light","Goldessa",gorduras,102,9.5,3.8,5
"'20548834","Milk Chocolate","Fin Carré",snacks,567,6.6,52.1,36.5
"'20550363","Sandwich Neo Choco","Gelatelli",laticinios,295,5.4,41.1,11.7
"'20558048","Atum posta ao Natural","Lidl",carnes,118,26,0,1.5
"'20627096","Captain Rondo goût vanille","Lidl",snacks,485,5.3,70,20
"'20918279","Bio Knäckebrot","Lidl",cereais,447,19.1,43.2,19.9
"'22010469","Peanut Butter","Trader Joe's",gorduras,604,24,16,47
"'22020390","Stern-Brötchen Klassic","Best Moments",snacks,114,2,12.5,6
"'22030177","Bebida de Soja","Soy Pro",laticinios,39,3,2.6,1.7
"'22030214","Creme para barrar vegetariano, Beringela","GutBio",gorduras,353,5.4,5.2,33.7
"'22030573","Bebida de amendoas","My Way",gorduras,26,0.6,2.8,1.3
"'22048592","Gefüllte Lebkuchenherzen Vollmilch","Douceur Penny",cereais,369,5,64,10
"'22092663","Oatpops avena integral extrusionada","Gut Bio",cereais,383,11,68,5.6
"'22096517","Muesli Crocante Natural","Gut bio",cereais,423,8.5,64,13.2
"'24023054","Pan de molde integral de trigo","Panet's",cereais,236,10,40,2.8
"'24023375","Tostadas","Dulce Rosa",cereais,377.4,11,73,4.6
"'24064934","Tostadas integrales","El Horno de Aldi",cereais,380,13,62,6.5
"'24073967","Queso Madurado","Devina",laticinios,269,19,0.7,21
"'27024294","Crunchy Granola - Meusli Croustillant","Golden Bridge",cereais,426,11,64,12
"'29049028","Gewürz-Spekulatius","ReichsGraf",snacks,477,6,70,19
"'54490246","Sabor Original","Coca-Cola",snacks,42,0,10.6,0
"'56033878","Agua mineral natural","Vitalis",snacks,0,0,0,0
"'56035223","Fruta Essential kids","Compal",laticinios,58,0.6,13.5,0.5
"'80177616","FILLED MILK CHOCOLATE WITH A MILKY FILLING","Kinder",laticinios,566,8.7,53.5,35
"'84100818","Gelatina sabor Morango","Royal",snacks,61,1.3,13.5,0.1
"'84100917","Gelatina Sabor Tropical","Royal",snacks,10,1.7,0.7,0
"'7622210103505","Queso untar light formato familiar","Mondelez Schweiz GmbH",gorduras,154,5.9,4.4,12
"'3161710000128","Caprice des Dieux","BG SAS",laticinios,333,15,0.8,30
"'7310865099884","Protein Cottage Cheese","Arla Foods AB",gorduras,76.7,15,2.2,1.5
"'7622210981141","Philadelphia con finas hierbas","PHILADELPHIA",gorduras,139.4,7.2,5.3,10
"'8410500031619","Skyr natural","DANONE S.A.",laticinios,51,9,3.4,0.1
"'4056489737490","Fromage grec","LIDL",laticinios,247,16,0.8,20
"'7622201745752","Philadelphia vegan cream cheese","Mondelez Schweiz GmbH",laticinios,220,3.2,2.5,21
"'7622210991652","Philadelphia con salmón","Kraft",gorduras,141,7.5,5.2,9.8
"'4061458005548","Bio-Feta","Bio",laticinios,289,18,0.2,24
"'7622210440914","Crema de queso para untar sin lactosa","Mondelez",gorduras,220,5.4,3.2,21
"'5602384002172","Queijo Quark Natural","Queijos Santiago",laticinios,56,10,2.8,0.2
"'4104060027789","Körniger Bio-Frischkäse","ANDECHSER NATUR",laticinios,97,11,3,4.5
"'5601050035346","Cottage Cheese","Danone",laticinios,90,12,1.6,3.9
"'7640166796787","Bio Frischkäse Nature","Züger",gorduras,260,7.5,3.5,24
"'8432022001697","Skyr Natural","PLN DISTRIBUCION S.A",laticinios,50,8,4.1,0.2
"'3073781083569","Queso semicurado light","BEL",gorduras,153.8,12.5,5.5,9
"'8002670009330","High Protein Ricotta","Granarolo",laticinios,95,8.5,4,5
"'7640101094671","Bio Mager-Quark","Züger",laticinios,61,11,4,0.5
"'2014000041466","Queso en Lonchas Emmental","La Tabla",laticinios,370,28,0,28
"'5604079001002","Queijo fresco para barrar natural","Valformoso",gorduras,258,4.3,3.1,25
"'4101530008149","Bio-Quark Magerstufe","Berchtesgadener Land",laticinios,65,11.8,3.5,0.2
"'8413100610673","Queijo Fresco para Barrar Natural","Fresquinho",gorduras,237,5.9,3.8,22
"'5601098010213","Queijo Fresco natural","Paiva",laticinios,157,11,3.2,11
"'5604260307876","Emmental Cheese","PorSi",laticinios,360,27,0.5,28
"'3228021200064","Petite Crème al Queso Azul","Président",laticinios,247,13,1.5,21
"'8433329131919","Queso tipo Burgos","El Corte Inglés",laticinios,114,10.5,4,6.2
"'5203197142019","Salad Cheese from Cow's Milk","Belas",laticinios,242,15,0.4,20
"'5604260301881","Queijo para Barrar Natural","PorSi",gorduras,277,8.1,4.8,25
"'2000000145992","Rulo de Queso de Cabra","La Tabla",laticinios,301,17,1.9,26
"'4056489216162","High Protein Chocolate Flavour Pudding","LIDL",laticinios,76,10,5.2,1.5
"'4056489801771","Crème dessert chocolat","LIDL",laticinios,80,10,6.7,1.5
"'4056489920045","Crème dessert saveur chocolat caramel","LIDL",laticinios,81,10,6.5,1.6
"'8480000211514","Yogur Proteínas con Mango y Maracuyá 0%","MERCADONA",laticinios,56.7,8.3,5.8,0.2
"'4056489273264","High Protein Caramel Pudding","LIDL",laticinios,76,10,5.5,1.5
"'8480000206138","Yogur Bebible Fresa y Plátano","MERCADONA",laticinios,76,2.3,12.4,1.9
"'8402001026485","Mousse protéica con sabor a chocolate","MERCADONA",laticinios,74,10,4.5,1.5
"'8410500028268","Iog Oikos Danone Natural 900g","Danone",laticinios,94,3.4,4.4,7
"'8480000203793","Yogur con melocotón y maracuyá","MERCADONA",laticinios,96,3.6,13.1,3.2
"'8480000201645","Yogur natural sin lactosa 0%","MERCADONA",laticinios,36.8,4.1,4.9,0.1
"'8480000203762","Yogur con frutas del bosque","MERCADONA",laticinios,98,3.7,13.7,3.2
"'8480000206275","L Casei Fresa","MERCADONA",laticinios,65,2.4,10.3,1.5
"'8480000208590","Bífidus natural azucadado con cereales y fresas","MERCADONA",laticinios,133.5,4.7,20.9,3.2
"'4002971301601","High Protein Chocolate Pudding***","Ehrmann",laticinios,76,10,5.5,1.5
"'8410500029784","Frutos del Bosque","DANONE S.A.",laticinios,49,6,5.8,0.2
"'8410500020071","Fibras Avena y Nueces","DANONE S.A.",laticinios,115,3.8,14.5,3.9
"'8435257045641","Kefir sabor fresa","Nestlé",laticinios,40,3,3.8,1.2
"'5601050037586","Protein Drink Stracciatella Flavour","DANONE PORTUGAL SA.",laticinios,56,9.4,3.5,0.5
"'8480000211606","Yogur Griego con Mango","MERCADONA",laticinios,139,3,13.6,8
"'8480000206299","Yogur para beber Exotic Piña Y Coco","MERCADONA",laticinios,76,2.3,12.3,1.9
"'4061458278928","Grießpudding High-Protein - Pur/Classic","Milsani",laticinios,81.2,8,8.8,1.5
"'4056489689799","Nata para cocinar","LIDL",laticinios,164,2.8,4.3,15
"'8480000682659","Flan de huevo sin azúcares","MERCADONA",laticinios,68,6.3,8.2,1.5
"'5601050037272","Protein Pudding Chocolate Flavour","DANONE PORTUGAL SA.",laticinios,82,10.2,6.3,1.8
"'8480000208491","Yogur sin lactosa cremoso azucarado","MERCADONA",laticinios,94.4,4.5,11.7,3.3
"'5601050036893","Protein Drink Mango Flavour","DANONE PORTUGAL SA.",laticinios,59,8.3,5.5,0.5
"'8402001025341","Batido Vainilla Proteinas","MERCADONA",laticinios,46,9.1,2,0.2
"'8480017034045","Yogur estilo Griego","DIA RETAIL ESPAÑA S.A.U.",laticinios,125,3.6,4.5,10
"'5601050036268","Protein Blueberry","Danone",laticinios,54,9.4,3.7,0.1
"'8480000206589","L Casei fresa 0%","MERCADONA",laticinios,29,3.3,3.8,0.1
"'5601050035261","YoPro vainilla cookies","DANONE PORTUGAL SA.",laticinios,62.9,8.3,5.5,0.5
"'8410500001438","Activia con bífidus naturales (natural)","Danone",laticinios,66,3.3,3.9,3.8
"'4002971244403","High Protein Hazelnut Pudding","Ehrmann",laticinios,80,10,6,1
"'4056489978916","High Protein Milk Drink Vanilla Flavour","LIDL",laticinios,66,10.6,5.4,0.2
"'4056489109730","Yogur desnatado trozos 0%","LIDL",laticinios,51,5.3,6.3,0.2
"'4056489698319","Light* Café Latte sin Lactosa","LIDL",laticinios,33,3,4.1,0.5
"'7622202218309","Original Cream Cheese","Philadelphia",laticinios,249,3.7,2.9,25
"'5601049213991","Nata Cremosa","Mimosa",laticinios,336,2,3.2,35
"'8432022001291","Yogur Natural estilo griego Light","Margui",laticinios,55,5,3.1,2.5
"'4002971453201","High Protein Heidelbeere Joghurt-Erzeugnis","Ehrmann",laticinios,60,10,6,0.3
"'8402001022456","Bífidus probióticos con ciruelas pasas","MERCADONA",laticinios,88,3.5,12.3,2.6
"'5601312510482","Iogurte Grego Natural Ligeiro","MYTHOS",laticinios,64,5.7,6.3,1.8
"'5411188122043","Alpro chocolate flavour","alpro",laticinios,40,2.3,4.6,1.2
"'4056489268581","Sardinas en aceite de oliva","LIDL",gorduras,317,18.6,0,27
"'8412604987878","Atum ao Natural","Lidl",carnes,80,19,0.5,0.5
"'5601105050324","Atum Posta ao Natural","Vasco da Gama",carnes,109,24.4,0,1.2
"'8412604985447","Atun Posta en aceite","Dorita",carnes,340,19,0.7,29
"'5600395035943","Atum ao Natural","Mercadona",carnes,110,25,0,1.1
"'4061458180481","Heringsfilets in Pfeffer-Creme","Almare Seafood",carnes,216,12,5.1,16
"'5604450210078","Posta de Atum ao Natural","Santa Catarina",carnes,110,25.4,0.5,0.8
"'8412604985775","Atum posta ao natural","Quebra Mar",carnes,80,19,0.5,0.5
"'8437006994002","Piquitos con salvado","Piquitos San Roque",cereais,378,11.5,72.4,3.4
"'4056489983507","High Protein Wraps","LIDL",cereais,293,18,37,7
"'8480000823656","REGAÑA","MERCADONA",cereais,448,11.8,65,15
"'8423102210351","100% trigo espelta integral","Anitín",cereais,522,13.5,41.9,31.7
"'8423102210153","Snack Pipas","ANTIN",cereais,521,11.5,49.2,30.2
"'8480000860088","Pan Tostado 100% Integral de Trigo","MERCADONA",cereais,373.9,16,59.4,6
"'8480000867506","Pan de molde cereales sin gluten","MERCADONA",cereais,244,4.1,34.1,7.7
"'8412600028568","pan blanco","Bimbo",cereais,255,8.2,48,2.7
"'8480000824172","Panecillos cereales y semillas","MERCADONA",cereais,425,14,60,13
"'8412600011812","Artesencia Integral","Bimbo",cereais,243,8.7,48,2.7
"'8480000821997","Pan tostado ajo y perejil","MERCADONA",cereais,545,8.2,54,33
"'8410076470744","6 tortillas wraps de trigo integral","Old El Paso",cereais,293,9.1,47.8,6
"'8480000827357","Hogaza sin gluten","Mercadona",cereais,273,3.7,50,4.4
"'5601560111905","Mini tostadas de trigo extra finas","DIATOSTA - INDÚSTRIA ALIMENTAR SA.",cereais,384,11.8,76.9,2.4
"'5601027973060","Integral","Bimbo",cereais,246,1.1,41,3.5
"'5607233509321","Integral","Panrico",cereais,238,9.5,40,2.8
"'8410076474025","Tortillas sin gluten","Old El Paso",cereais,266.7,1.9,58,2.2
"'8413164005002","Snatt's Palitos De Trigo Con Queso","Grefusa",cereais,468,11,58,20
"'8727200195214","Tortillas mejicanas de maíz y trigo 8 unidades envase 335 g","General Mills International Sárl",cereais,288.1,8.5,51.8,4.8
"'5607233533951","Cerealia integral","Panrico",cereais,238,10,39,3.1
"'8412600450208","Maxi-burger pan de hamburguesas","Bimbo",carnes,382.7,9.9,46,6.3
"'5607233572813","Especial Torradas Integral","Panrico",cereais,238,9.5,40,2.8
"'4000446001650","Mestemacher Organic Linseed Bread","Mestemacher",cereais,197,5.4,32.5,3
"'8412600017579","Semillas Sin Gluten","BIMBO S.A.",cereais,269,3.7,42,7.6
"'4056489746836","Pan integral sin corteza","LIDL",cereais,262,11.8,43.9,3.3
"'4033634030705","Cranberry Kokos Vollkorn-Snack","Dr. Karg's",cereais,425,10,62,13
"'5604260329960","Integral Toast Bread","PorSi",cereais,237.9,9.5,39.6,2.9
"'2004060115986","Pan Tostado","El Horno de Aldi",cereais,383,12,72,4
"'8412600061930","Bimbo Sin Gluten","Bimbo",cereais,253,2.3,47,6.7
"'5600985807530","Protein bread","Zumub",cereais,259,22,7,12.7
"'8412600024478","Semillas de Sésamo y Lino","Bimbo",cereais,245,12,37,4
"'8423519833075","Pan Tostado Integral","Panroll",cereais,389,12,66,6.2
"'8412600050798","Panecillo Integral 100%","Bimbo",cereais,396,12,62,8.8
"'4068264014344","Tostas crocantes de milho Bio","Bio",cereais,378,7.2,79,3
"'8410693800597","Macarrones rayados con vegetales","PASTAS ALIMENTICIAS ROMERO S.A.",cereais,354,12,70,2
"'5601260593605","Banzai Noodle* Sabor Galinha","Cigala",vegetais,431.3,10.4,53.7,17.5
"'8001665727341","Tomate y Mozzarella","Rana",cereais,266,11,33,8.7
"'5601286260444","Esparguete integral","Milaneza",cereais,348,13,66,1.7
"'5601260591601","Banzai Noodle* Sabor Caril","Cigala",cereais,448,9.4,54.1,20.3
"'5601260592608","Banzai Noodle* Sabor Carne","Cigala",vegetais,447,9.3,54.4,20.2
"'5601286260437","Penonni Integral","Milaneza",cereais,347,13,66,1.8
"'8445290378682","Fusian Pasta Oriental Sabor Pollo","Maggi",cereais,452,9.4,64.2,16.9
"'5060691233441","Organic Konjac Noodles","Keto Chef",cereais,9,0.2,0,0
"'4068706672354","ALDI ASIA GREEN GARDEN High protein noodles 1.49€ 200 g 1kg 7.45€","Asia Green Garden",cereais,119,11,16,0.7
"'8436545623695","Pates aux epinards","Lá Finestra sul cielo",cereais,117,4.9,15,3.5
"'5601479120012","Esparguete Integral","Insular",cereais,338.4,12.7,65,1.4
"'5600961100662","organic pasta wholegrain rice & chestnut","Prozis",cereais,375,8,77,3
"'5601260105105","Agulha Integral","Cigala",gorduras,357,7.7,74,2.6
"'5601326001150","Arroz integral Vegetais e Sementes","Pato Real",gorduras,195,4.4,30,5.5
"'8480000095718","Copos de trigo espelta integral 0%","MERCADONA",cereais,364,14.6,66,2.7
"'8402001015205","Avena Crunchy Cacao","MERCADONA",cereais,393,13,65,6.4
"'5900020043481","Nestle fitness protein cocoa 0% added sugar","CEREAL PARTNERS POLAND TORUŃ-PACIFIC Sp. z o.o.",cereais,351,12.1,64.1,5.1
"'4056489210016","Muesli crunchy 4 noix","LIDL",gorduras,460,10.3,58.9,18.6
"'8480000094926","Muesli 50% frutas y frutos secos","MERCADONA",fruta,367,6.8,60,9.3
"'8480000094889","Copos de trigo integral y arroz 0% azúcares añadidos","MERCADONA",cereais,373,10.3,75,1.7
"'8480000093578","Muesli crunchy frutos secos","MERCADONA",fruta,458,8,63,18
"'8480000092649","Cereales rellenos de leche","MERCADONA",cereais,447,10,67,14.5
"'4056489209980","Crunchy Muesli Multi Fruit","LIDL",fruta,435,7.9,63.5,13.9
"'8480000094919","Muesli Frutas","MERCADONA",fruta,364.4,9.1,59,7.6
"'8480000093554","Muesli Crunchy Chocolate","MERCADONA",cereais,434,8.4,61,16
"'5059319016603","Special K Granola con Avena Dark Chocolate","Kellogg Europe Trading Ltd",cereais,468.9,9.3,65,17
"'4056489167853","Muesli Crunchy 0%","LIDL",cereais,423,11.2,64.9,13.4
"'8480000093561","Muesli Crunchy Fruta","MERCADONA",fruta,427,6.3,66,14
"'4056489936176","High Protein Crunchy Muesli Roasted Peanuts","LIDL",cereais,453,25.1,50.3,15.7
"'8402001015120","Copos tostados de trigo integral y arroz con chocolate","MERCADONA",cereais,397,8.6,71,6.6
"'3387390326468","Chocolate con Leche","CEREAL PARTNERS FRANCE",cereais,396,8.6,69.5,7.2
"'8480000093776","Cereales de chocolate y avellana","MERCADONA",cereais,442,6.7,67,15
"'8480000093332","Minis leche","MERCADONA",cereais,439,9.9,69,13
"'5900020043504","NESTLE FITNESS Honey Flavour Fiber Cerealien","CEREAL PARTNERS POLAND TORUŃ-PACIFIC Sp. z o.o.",gorduras,350,10.1,63.4,4
"'4056489936183","High Protein Crunchy Musli","LIDL",cereais,442,29.2,47.5,14
"'5010029221091","PROTEIN Crunch","Weetabix Limited",cereais,377,20,64,2.8
"'8480000095473","Cereales rellenos de crema de cacao y avellana sin gluten","MERCADONA",cereais,461,6,69,17.3
"'5059319016573","Granola con Avena Mixed Berries","Kellogg Europe Trading Ltd",cereais,451.1,9.3,66.7,14
"'5600961112566","Protein Granola Chocolate & Hazelnuts","Prozis",gorduras,445,22,39,20
"'5059319002323","Krave choco nut flavour","Kellogg's",cereais,456,7.1,69,16
"'8480000094872","Copos de trigo integral y arroz con chocolate con leche","MERCADONA",cereais,399,8.3,76,6.2
"'5060120285331","Ultimate Granola Organic","RUDE HEALTH",cereais,470,11,56,21
"'5604321030088","Muesli integral 4 cereales crocantes","Cem Porcento",gorduras,447,9.5,65.6,14.7
"'4056489515951","Fruta Muesli Integral","LIDL",fruta,363,9.1,60,7.4
"'4056489192985","Muesli Crunchy Chocolate Negro","LIDL",cereais,455,9.7,61.2,17.4
"'5601557068175","Granola superior integral","Salutem",cereais,490,14.2,46,26
"'3387390335217","Original Avena y Trigo Integral","Nestlé",cereais,368,9.4,74.8,1.8
"'8480017372017","Muesli frutas","DIA RETAIL ESPAÑA S.A.U.",fruta,352,8.5,61.5,5.9
"'4056489209997","Crunchy Muesli Choco & Nuts","Crowfield",gorduras,450,9,61.3,16.9
"'5000127049307","Crunchy Nut","Kellogg's",gorduras,396.7,6,83.3,4.7
"'5607780010080","Instant Oats Classic Flavor","Prozis",cereais,391,12,68,7
"'7613031423583","Nesquik Cereales","Nesquik",cereais,378,8.7,74.6,3
"'7613033481314","Nestle lion caramelo and chocolate","Société des Produits Nestlé S.A.",cereais,406,8.1,73.2,7.4
"'8410199016164","Avena","Quaker",gorduras,375,11,60,8
"'5900020042514","Chocapic Crunchy Brownie","Nestlé",cereais,386.7,8.3,74,4.7
"'5604321031627","Flocos de Aveia Integral Finos","Cem Porcento",cereais,367,12.3,60.5,6.2
"'5601557059456","Flocos finos aveia integral","Salutem",cereais,372,13.5,58.7,7
"'4068706671401","Raisin & Nut Muesli Wholegrain","Golden Harvest",gorduras,379,11,54,11
"'9004617068546","Bio Cornflakes","Verival",cereais,374,6,84,1
"'5604321029136","Bio Aveia Flocos Finos Cereal Integral","Cem Porcento",cereais,367,12.1,56.1,8.4
"'5604321034383","a Granola + deliciosa de Aveia Integral","Cem Porcento",cereais,399,10.1,54.1,10.9
"'2014000026074","Muesli Crujiente con Chocolate Negro","Golden Bridge",cereais,451,9.6,61,17
"'7613036668408","Original Bio","Nestlé",cereais,390,9,74.2,4.7
"'5601275412557","Aveia Original 100% integral","Jerónimos",cereais,367,12,56,8.4
"'3023290095966","Crunchy Granola & Morango Fraise","Lindahls",cereais,111.8,11,11.7,1.8
"'7613037869781","Original Trigo e Aveia Integral","Nestlé",cereais,368,9.4,77.7,2.2
"'5608394491074","Protein granola crunchy chocolate","Origins",cereais,390,22,49,10
"'5604260321858","Cereais Fruta e Fibra","PorSi",fruta,386,8.9,65,7.7
"'7613037353228","Bio Avoine","Nestlé",cereais,385,10.6,74.5,3.3
"'5601066602037","Granola -avena integral-","Nacional",cereais,434,8.4,62,15
"'5601227033915","Crunchy Muesli - flocos de cereais crocantes","MasterChef",cereais,443,5.8,70,15
"'5601557050224","Aveia integral","Salutem",cereais,368,15,57,6.1
"'5604321030019","a Granola + deliciosa de Fruta e Canela","Cem Porcento",fruta,446,8.2,60.8,17.3
"'5604321034826","a Granola + deliciosa de Frutos Secos e aveia integral","Cem Porcento",gorduras,428,11.3,50,15.9
"'5604260326105","Muesli frutas","PorSi",fruta,462,7.3,60,20
"'5604321046263","Muesli Crunchy Mel","Ignoramus",cereais,435.6,8.7,64.4,14
"'4068706894367","Crunchy muesli","Golden Bridge",cereais,439,28,45,17
"'5053827148702","Milk Chocolate","Kellogg's",cereais,396,8.8,77,5
"'5601009987801","Crunchy Muesly Chocolate","Pingo Doce",cereais,445,8.5,63.5,15.7
"'8480017371676","Cereales Fibre","Dia",cereais,279,14.8,43.6,5
"'5601312070009","Crunchy muesli","Continente",fruta,386,12,47,12
"'5601557031742","Muesli integral chocolat","Salutem",cereais,379,11.2,62.9,7.3
"'5604260320226","Muesli Frutas","PorSi",cereais,381,12,58.7,9.4
"'5059319016955","Sabor Leche","Kellogg's",cereais,420,6.2,70,12
"'7613035283664","Arroz & Chocolate Sin Gluten","Nesquik",cereais,382,6.2,82.3,2.4
"'5059319003351","Avena y Miel","Kellogg's",cereais,381,9,77,3
"'5600663964111","Granola Crunchy "," Aveia e Trigo Sarraceno ", Integral,Nolita,cereais,392,14
"'5600663964135","Granola berry bio","Nolita",cereais,372,13,53,14
"'5601312074328","Milk Crockers","Continente",cereais,442,7.5,66,16
"'5600341930834","Farinha de aveia integral","Seara",cereais,370,14,56,7.6
"'5601066200745","Farinha Integral de Aveia","Nacional",cereais,359,12,58,7.8
"'5604321034475","Farinha de Coco Natural","Cem Porcento",gorduras,340,20.3,16.5,12.2
"'5601066200721","farinha centeio integral","nacional",cereais,314,7.5,58,1.6
"'8436619594951","Oat Flour, Milk Chocolate","MasMusculo",cereais,365.2,12.3,58.2,7.1
"'8410199005465","Cacahuetes Sal y Miel Horno","Matutano",gorduras,561,19,31,40
"'4335619025158","Pepinos Sabor Anchova","LIDL",fruta,22,1.6,2.5,0.3
"'8480000390325","Zumo naranja 100% exprimido con pulpa","MERCADONA",laticinios,44,0.7,9.9,0.1
"'8402001019807","Agua De Coco","MERCADONA",gorduras,20,0,5,0
"'8480000399809","Smoothie fresa","MERCADONA",laticinios,46,0.6,10.5,0.1
"'5601151963166","Compal de Frutas Tropicais","Compal",laticinios,30,0.3,7,0.3
"'4056489800606","Zumo de Naranja con Pulpa Exprimido","LIDL",laticinios,42,0.9,9,0.1
"'4056489170075","Zumo Exprimido Manzana, Uva, Kiwi & Lima","LIDL",laticinios,48,0.4,11.1,0.1
"'5601151543405","Sumo Compal Laranja 100% Fruta 1 L","Compal",laticinios,44,0.6,10,0
"'5038862430548","zumo de naranja sin pulpa","innocent",laticinios,35,0.7,7.8,0.5
"'3045320104868","Toranja rosa natural","Andros",laticinios,48,0.6,11,0.1
"'5038862002516","zumo de manzana","innocent",laticinios,46,1,11,0
"'5601151973592","Vital equilibrio tangerino agua de coco","Compal",laticinios,18,0,4.2,0
"'5603089020034","Active Drink Laranja Cenoura","Santal",laticinios,17,0.1,4.1,0
"'3045320104844","Laranja natural","Andros",laticinios,49,0.7,11,0.1
"'8480000136824","Bebida de Soja","MERCADONA",laticinios,35,3.4,0.8,1.9
"'8480000156488","Bebida de Almendras Enriquecida con Calcio","MERCADONA",gorduras,36,0.7,3.7,2
"'8480000138460","Bebida de Coco & Arroz","MERCADONA",laticinios,50,0.1,9,1.6
"'8480000861672","Bebida de Avena Calcio y Vitaminas","MERCADONA",laticinios,52,0.5,6.8,2.5
"'8480000138484","Bebida de arroz y avellana","MERCADONA",gorduras,50,0.6,6.9,2.1
"'8402001014369","Bebida Choco Avena","MERCADONA",laticinios,44,1.2,5.1,1.9
"'8480000679499","Bebida de soja vainilla 0%","MERCADONA",laticinios,31,3,0.9,1.6
"'7394376615849","Bio bebida de avena","Oatly EMEA AB",laticinios,39,1.1,7.2,0.5
"'8480000230478","Bebida arroz","MERCADONA",laticinios,38,0.4,6.4,1.2
"'5060120282019","RUDE Almond Organic Drink imp","Rude health",gorduras,56,0.5,10,1.5
"'8480000609267","Bebida de avena con chocolate","MERCADONA",gorduras,44,1.2,5.1,1.9
"'5411188133490","Caramel Coffee Plant Protein Drink","alpro",laticinios,71,6,5,2.8
"'8410128180485","Vivesoy almendra sin azúcar","CALIDAD PASCUAL S.A.",gorduras,13,0.5,0.2,1.1
"'5411188136613","Bevanda 100% Vegetale Gusto Latte Classico Avena","alpro",laticinios,62,0.7,6.3,3.5
"'8410128180546","Vivesoy avena sin azúcar","CALIDAD PASCUAL S.A.",laticinios,40,0.9,5.9,1.2
"'5411188139362","Plant protein (chocolate flavour)","Danone Belux nv",laticinios,69,5,5.3,2.8
"'8480000228369","Crema de cacahuete 100% crunchy","MERCADONA",gorduras,608,30,12,47
"'8402001000515","Castañas cocidas y peladas","MERCADONA",gorduras,172,4.1,33,1.5
"'5602586140764","Mistura Natural","Frutorra",gorduras,654,19,7.9,59
"'8402001009266","Confitura de Fresa 0%","MERCADONA",gorduras,40,0.6,11.5,0
"'5600826203613","Peanut butter","Prozis",gorduras,626,26,13,51
"'8480000674173","Crema Cacao","MERCADONA",gorduras,550,4.5,57,33
"'8480000808622","Hummus con pimiento del piquillo asado","MERCADONA",snacks,313,5.7,10.7,26
"'8480000677532","Mermelada Higo","MERCADONA",gorduras,205,0.5,50,0
"'5600826203064","Peanut butter","Prozis",gorduras,600,26,13,51
"'5600826203606","Peanut butter","Prozis",gorduras,626.7,26,13,51
"'5600961109672","Peanut Butter","Prozis",gorduras,630,26,11,52
"'5600961116441","Almond butter","PROZIS.COM S.A. (ZONA FRANCA DA MADEIRA)",gorduras,633,24,8.4,54
"'5600854623384","Choco Butter","PROZIS.COM S.A. (ZONA FRANCA DA MADEIRA)",gorduras,516,21,33,37
"'8720182022066","Peanut butter","Calvé",gorduras,646,20,16,55
"'5602132651256","Pure Honey from Portugal with Doser","Serramel",gorduras,304,0,82,0
"'8480017083890","Miel de flores","DIA RETAIL ESPAÑA S.A.U.",gorduras,325,0.4,80.8,0
"'8719200283916","Creme Vegetal Para Barrar 75%","Flora",gorduras,677,0.5,0.5,75
"'8719200260313","Tuli creme","Tuli Creme",gorduras,573,1.7,32,50
"'5608516251029","Confiture citrouille avec noix imp","JUGAIS",gorduras,254,0.5,61,0.7
"'8720182022080","Crema cacahuete","Calvé",gorduras,664,21,11,58
"'8719200267923","Sabor a Manteiga Formato Familiar","Planta",gorduras,677,0.5,0.5,75
"'5600449996572","Chunky 100% Peanut Butter","Not Guilty",gorduras,614,26,13,49
"'5601165054294","Tuli Creme, Chocolate","Unilever",gorduras,573,2,40,45
"'5605466912208","Confiture prisca  bio fraise","Prisca",gorduras,166,0.6,40,0.3
"'5600445303817","Creme de chocolat et noisette bio","Naturefoods",gorduras,609,5.5,39.6,46.7
"'8719200186484","Sabor a Manteiga","Planta",gorduras,699,0.5,0.5,79
"'5413588621836","Humus Natural","Père Olive",snacks,362,4.1,9,33
"'5600961155457","Hazelnut butter with white choco","Prozis",gorduras,691,9.3,24,61
"'5600449995575","Cashew Butter","Not Guilty",gorduras,623,18,26,49
"'8715700422084","VEND HEINZ MAYONESA/MAIONESE Ingredientes: Aceite","H.J. Heinz B.V.",snacks,644,0.8,3,70
"'8715700423852","Tomato ketchup 50% menos azúcar y sal","H.J. Heinz B.V.",snacks,64,1.4,12,0.1
"'1604792770005","Läckergom","IKEA",snacks,62,0.7,5.4,4.1
"'5011308501361","Butter chicken","Patak's",snacks,101,1.1,8.7,6.6
"'8710522947876","Sabor Alho","Calvé",snacks,269,0.7,6.1,27
"'5600961160123","Blue cheese","Prozis",snacks,15,0,3.7,0
"'8410076423047","Salsa De Queso Old El Paso","Old El Paso",snacks,114,3.5,9.5,6.6
"'8410376037883","Galletas Chip Choco Sin Gluten Sin Azúcares Añadidos","Galletas Gullon",snacks,444,5.5,63,23
"'8410376061789","GLuTEN FREE Sandwich Chocolate","GALLETAS GULLON S.A.",snacks,477,5.7,63,21
"'8410376023831","Digestive zero sin azúcares","gullón",snacks,430,6.2,68,16
"'8480000141576","Galletas rellenas con crema de cacao (46%)","MERCADONA",snacks,484.6,6.5,70.4,20.8
"'8480000142108","Digestive avena","MERCADONA",cereais,469,8,60,20
"'8402001013201","Digestive avena chocolate con leche","MERCADONA",snacks,484.8,7.4,59,23
"'8410376059380","zero sin azúcares Barquillos Vainilla","GALLETAS GULLON S.A.",snacks,431,3,63,22
"'4335619057487","Cookies","Sondey",snacks,498.7,6.3,57,26
"'7622202018701","Bolachas Belvita Breakfast Milk & Cereals","Belvita",snacks,443,8.1,68,14
"'8480000144300","Galletas de canela","MERCADONA",snacks,468,6.4,71,17
"'8402001032516","Galletas con edulcorantes 0% Digestive","MERCADONA",snacks,416,7,64,16
"'8410376055542","Galleta crocant con copos de avena zero","Gullón",snacks,430,7.8,54,20
"'8410376064469","Gullon zero Snack Choco","Gullón",snacks,454,8,56,24
"'8410376042481","Sandwich sabor yogurt","GALLETAS GULLON S.A.",snacks,418.2,7,65,17
"'8480000158444","Galletas chocolate 0%","MERCADONA",cereais,398,6.7,63,17
"'8410376054033","Digestive Avena Cioccolato","GALLETAS GULLON S.A.",snacks,476,7.6,61,21
"'8410376036169","María sin gluten","GALLETAS GULLON S.A.",snacks,470,5.1,66,19
"'8480000146373","Cookies sin gluten y sin lactosa","MERCADONA",snacks,477,4.5,66,21.3
"'8480000141316","Digestive Chocolate leche leite","MERCADONA",snacks,463,6,63,20
"'8410376017342","Cookies de Cacao con Chips de Chocolate 7342","Gullón",snacks,467,4.2,64,20
"'4056489356066","Digestive Avena","LIDL",cereais,477,7.5,61,21
"'7622210740427","belVita BREAKFAST Cocoa with choc chips","Belvita",snacks,413.3,7.9,66,14
"'8480000142351","Galletas Maria Sin Gluten","MERCADONA",snacks,447,6,73.8,13
"'8410376046908","Sandwich de avellana con avena y chips de chocolate Vitalday","GALLETAS GULLON S.A.",cereais,459,7.2,59,19
"'8402001041303","Avena y semillas","MERCADONA",snacks,447.8,7.1,64,16
"'8410376047509","Tostada sin azúcares añadidos","GALLETAS GULLON S.A.",snacks,401,7.4,73,11
"'8410376044393","Sandwich de cacao con crema","Gullon",snacks,408,5,65,17
"'7622202019265","BREAKFAST Honey & Nut with choc chips","Belvita",cereais,446.7,7.8,64.4,15.3
"'8480000145819","Belgas 18% mantequilla","MERCADONA",snacks,473,5.7,75,17
"'8436048961256","Mini Cookies","Artiach",snacks,464,6,64,24
"'8410376049060","Avena Bio Organic","Gullón",cereais,470,8.3,64,19
"'8480000140852","Galletas mini caritas con crema de cacao","MERCADONA",snacks,485.4,6.8,64.1,21.4
"'8480000141613","Galletas Mini Cookies","MERCADONA",snacks,486,5.4,65,22
"'8410376042535","Vitalday Sandwich de Avena con Chocolate","Gullón",snacks,447,7.2,61,18
"'8410376042511","5 cereales con frutos rojos","gullón",snacks,434,6.2,57,14
"'8480000146397","Galleta Choco Negro","MERCADONA",snacks,496,6.4,64,23.2
"'8434165484054","Mini go galletas de desayuno con vitaminas hierro","Cuétara",snacks,464,6,73,16
"'8410376049053","Choco Chips Bio Organic","Gullón",snacks,496,6.5,64,23
"'8480000147110","Surtido de galletas y barquillos","MERCADONA",snacks,516,4.7,62,28
"'5601066401043","Morning Break Aveia Integral Alfarroba & Chocolate","Nacional",snacks,488,7.9,62,22
"'5600341930155","Biscoitos coco bio","Seara",snacks,538,6.1,54.4,32.2
"'5000396036091","Fruit & Form Galletas Frutos Del Bosque","McVitie's",snacks,372,5.3,71.2,7.1
"'8410376042504","Vitalday Avena y chips de chocolate","Gullón",snacks,448,8,57,18
"'8410175087393","solo bio","HERO ESPAÑA S.A.",snacks,435,8.8,74,11
"'5000396037937","Digestives The Original Wheat Biscuit","McVitie's",snacks,483,7,63.6,21.3
"'5600341930063","Biscoito Cacau Bio","Seara",snacks,438,7.5,58.9,18.8
"'5604321033928","Bol Marinheiras  Chia Bio Cem Porcento","Cem Porcento",snacks,443,12,67,13
"'8480000140388","Galletas Chocolate y Leche","MERCADONA",snacks,525,7,58,29
"'7622300766610","Choco & Cookies","Milka",snacks,499.5,6.3,62,25
"'4056489747031","Digestive avena pepitas de chocolate","Lidl",snacks,473,7.7,60,21
"'8480017120083","Galleta Relieve","DIA RETAIL ESPAÑA S.A.U.",snacks,468,6,69,18
"'8412170011434","Galletas Sin Gluten María","Noglut",snacks,499,5.6,72,13
"'4056489510116","Galletas bolachas Canela","LIDL",snacks,463,6.4,70,17
"'5600341930162","biscoitos alfarroba Bio","Seara",snacks,409,7.1,65.3,12.6
"'8436048965414","Dinosaurus Huevos","Artiach",snacks,484,5.5,69,20
"'5607780018192","Double Protein Creamy Cookies","Prozis",snacks,405,21,33,21
"'8002190003320","ZerØGrano Senza Glutine e Senza Lattosio* con Cioccolato","Galbusera",snacks,505,4.5,62,25.5
"'8410376039207","Mini Cereales","Gullón",snacks,456,6.5,72,15
"'5601066401012","My Cookies "," Chocolate",Nacional,snacks,489,6.4,65
"'5601557061060","mini Tortitas arroz","Salutem",cereais,386.7,8.7,79.7,2.6
"'7622300563523","Biscuits Waffer Chocolat Triunfo 146GR","Mondelez",snacks,540,6.1,58,31
"'8410376058796","Vitalday Crocant Avena Chocolate","Gullón",snacks,474,8,56,22
"'5601066401081","Zero mini cookies","Nacional",snacks,519,6.6,65,19
"'7622210776167","Choc'o Brownie Flavour","Oreo",snacks,469,6.1,66,19
"'8436048965636","Filipinos Sabor Speculoos","Artiach",snacks,526,5.6,66,26
"'4056489747024","Bolacha Maria Integral","Sondey",snacks,432,7.2,69,13
"'8410175090980","Hero cacao cookies Bluey","Hero",snacks,435,8,70,12.5
"'8436048413090","Energy galletas con chocolate Chiquilin","Artiach",snacks,493,6.5,66,22
"'8480024754769","Aros con Chocolate Negro","Alteza",snacks,510,6,61,26
"'5604321031436","Cookies Original","Cem Porcento",snacks,466,4.1,73,17
"'8434165676817","All my avena","Cuétara",snacks,454,8.5,60,18
"'5601069004074","Butter Cookies","Dan Cake",snacks,511,5.4,63,26
"'8437019000042","Galleta Integral Bañada con Chocolate","Carolina",snacks,459,8.3,64,20
"'5601069002490","The cookie","Dan Cake",snacks,501,4.7,65,24
"'5600380898812","Zero Cookie Dough Flavour","Prozis",snacks,293,31,13,9
"'5600380898836","zero Cookie Chocolate Brownie Flavour","Prozis",snacks,282,39,6.4,5.8
"'8410014303417","Galletas Tosta Rica","Cuétara",snacks,460,6,72,16
"'8434165479463","Galleta Digestive","Cuétara",snacks,444,9,66,14
"'5601008101031","water cracker Integral","Vieira",snacks,414,11.2,66.9,10
"'7622210620538","Mini Diver Sabor Chocolate","LU",snacks,480,6.5,68,19
"'5600625959421","Hoat and Hemp Cocoa","Gluoff",snacks,473,9.5,42.9,27.9
"'7622210695451","Myrtilles et graines de lin","Belvita",snacks,441,8.4,66,14
"'5601009999422","Cookies","Pingo Doce",snacks,480,4.4,64,22
"'5601069008065","Butter cookies","Dan Cake",snacks,511,5.4,62.8,26
"'5604993543947","Wafers Vanille et chocolat","Mister bowtie",snacks,500,4.2,68,23
"'5900591003495","Cookies for everyone","MrSweetso",snacks,418,6.9,62,16
"'4047247212342","Schoko-Hafer Gebäck","Biscotto",cereais,531,5.5,55,31
"'5601312100713","Cookies xl","Continente",snacks,495,6.7,65,22.7
"'8445290169181","Barritas","Nestlé",snacks,546,5.2,58.4,32
"'8410022116290","Galleta rellena","Donuts",snacks,492,4.9,68,22
"'5604260321872","Cookies Pepitas de Cacau","PorSi",snacks,480,6.1,63,22
"'5000168000077","Digestives Milk Chocolate Minis Snack Packs","McVitie's",snacks,497,6.5,63.2,23.4
"'7622201129378","Mini Diver Sabor Chocolate","LU",snacks,477,6.5,67,19
"'8480017492210","Galleta cubierta de chocolate con leche","Dia",snacks,534,5,57,31.1
"'5604321024155","Bolacha Maria integral","Cem Porcento",snacks,417,8.5,71.9,9.3
"'5056329529956","Protein Wafer Raspberry Flavour","HSN",snacks,481,36.5,31.5,22.9
"'7613035268388","Chocolate con Leche","Société des Produits Nestlé S.A.",snacks,538,6.3,58.9,30.3
"'7622300631574","Chocolate con leche Oreo","Mondelez Schweiz GmbH",snacks,564,5.4,56,34
"'8480000290625","Black chocolate 72% with almonds","MERCADONA",snacks,578,14,25,44
"'8480000227034","Chocolate negro 72% con trozos de naranja","MERCADONA",snacks,520,8.2,43,33
"'4056489189237","Chocolate con leche 0% azúcar añadido","LIDL",snacks,498,5.4,52.4,35.7
"'7622210693280","Alpine Milk","Milka",snacks,539,6.5,57,31
"'7622200000111","Chocolate con Leche con Avellanas Enteras","Milka",gorduras,563,8.2,47,37
"'7613035314016","Extrafino con almendras","Nestlé",snacks,447.2,7.2,41.5,27.4
"'7613039959992","Chocolate con Leche","Société des Produits Nestlé S.A.",snacks,538,6.2,58.9,30.8
"'7613287161819","Chocolate con Leche y galleta","Nestlé",snacks,531,6.5,60.2,28.9
"'3046920080583","Lindt Excellence Negro Croquant Wafer y Caramelo","Lindt",snacks,530,5.9,56,30
"'7622210834003","Almendras y Caramelo MMMax","Milka",snacks,549,5.8,52,34
"'1905251690002","Belöning","IKEA",snacks,474,5.4,60,23
"'5600854625371","zero Milk Chocolate","Prozis",snacks,475,8.1,52,32
"'8480017516114","Chocolate Negro con pepitas de cacao caramelizadas","Dia",snacks,541,11,34,37
"'4000415097707","Biała czekolada","Mauxion",snacks,539,4.9,60,31
"'1104805270008","Belöning","IKEA",snacks,535,7.3,58,30
"'5600449994356","Dark Chocolate with Peanut Filling","Not Guilty",snacks,533,7,48,34
"'8005851024832","Chocolat de leite","La Luisa",snacks,533,5,59.6,30
"'8445290552891","Les recettes de L’atelier Hazelnoot","Nestlé",snacks,556,6.2,51.3,35
"'8000300427127","Figuritas de Chocolate con Leche y Galleta","Nestlé",snacks,519,7.3,58,27.9
"'8402001012174","Barritas de Espelta Sabor Manzana 0%","MERCADONA",snacks,346,6.1,55,6.1
"'8410376010701","Zero sin azúcares María","GALLETAS GULLON S.A.",snacks,408,7,75,11
"'8402001021404","Barritas de cereales mango","MERCADONA",snacks,345,5.5,60,5.5
"'8480000093509","Barritas de trigo y arroz integral con chocolate con leche","MERCADONA",snacks,345,6.5,54,9.9
"'8402001013492","Barrita Frutos Secos","MERCADONA",gorduras,507,14,34,32
"'8480000093493","Barritas Muesli Chocolate","MERCADONA",snacks,430.4,6.9,66,14
"'8410076601513","Crunchy avena y chocolate negro","GENERAL MILLS IBERICA S.A.U.",snacks,473,8.7,61.5,19.8
"'5900020043832","NESTLE FITNESS Cocoa Protein Bar Multipack (","CEREAL PARTNERS POLAND TORUŃ-PACIFIC Sp. z o.o.",snacks,330,11.9,41,9.4
"'8402001012433","Barritas de avena chocolate negro","MERCADONA",snacks,466,8.6,61,20
"'5053827190046","SPECIAL HIGH PROTEIN 23% Cocco, Cacao e Anacardi","Kellogg Europe Trading Ltd",snacks,421.4,23,44,16
"'4056489038627","Protein Bar sabor a Brownie","SPORTYFEEL",snacks,368.9,50,25.4,10
"'5900020044129","NESTLE FITNESS Honey Flavour Fiber Bar Multipack (","Nestlé",snacks,326,9.5,45.6,1.9
"'8410076601506","Crunchy Avena y Miel","GENERAL MILLS IBERICA S.A.U.",snacks,467,8.7,64.3,18.1
"'8007640982163","Barritas con proteínas sabor coco y chocolate","Enervit SpA",snacks,402.5,26,48,11
"'8410076610430","Protein Arachidi & Cioccolato","GENERAL MILLS IBERICA S.A.U.",gorduras,489,25.6,27.5,28.3
"'8480000827326","Magdalenas Integrales 0%","MERCADONA",snacks,439,5.8,48.8,23.8
"'5601363001168","Snack Aper Matutano Doritos Tex-Mex 120g","Doritos",snacks,497,6.6,56.9,25.8
"'8008910231271","Cracker Sin Gluten con Romero","Quality Food Group SpA",snacks,440.1,2.5,78,13
"'8480000732491","Barritas de chocolate blanco","MERCADONA",snacks,424.5,5.2,61.3,15.1
"'5900020043818","Fitness Protein","Nestlé",snacks,330,11.9,41,9.4
"'8410175003430","Corny chocolate con leche 0% azúcares añadidos","HERO ESPAÑA S.A.",snacks,332,7.8,62.8,10.5
"'8480000213662","Tarta de queso","MERCADONA",laticinios,266,5.1,18.6,19
"'4056489038597","IronMaxx Protein Bar","LIDL",snacks,368.9,50,26.7,10.6
"'8410199150905","Rizos Sabor","Cheetos",snacks,504,5.9,63,26
"'8410199025357","Patatas fritas corte fino","Lay's",cereais,527,7.7,45.9,33.8
"'8480000829337","Pan de Leche","MERCADONA",snacks,344.8,9.4,51.2,11
"'5600380891936","Protein Snack Parfum Chocolat belge","Prozis",snacks,396,33,35,15
"'8410199015693","Snacks ondulados de multicereales con sabor a cheddar y cebolla caramelizada","PepsiCo",snacks,473.3,7.5,61,21
"'8410076610447","Protein Caramello Salato","Nature Valley",gorduras,495,26,26,29.5
"'5053990167494","Cheese & Onion","Pringles",cereais,523.3,6.3,56.7,30
"'5900020044150","Barra de Cereais Fitness Sabor Mel","Nestlé",snacks,325,6.5,45.5,9.5
"'5601363009829","Sabor Camponesas","Lay's",cereais,501,6.5,53.4,27.9
"'8423207208536","Snack de Chocolate Negro & Cereales","Bicentury",snacks,494,5.9,59,24
"'8480000827319","Magdalenas Cacao","MERCADONA",snacks,417,6.1,48.1,21.9
"'8410175081070","Corny 30% Protein Chocolate","Hero",snacks,368,30,27,18
"'7622210547194","Barre Moelleuse Chocolat Noir & Noisettes","Belvita",snacks,409,5.7,60,15
"'5604321035977","Marinheiras Sabor Natural","Cemporcento Natural",snacks,419,11,66,11
"'5600821267009","peanut and crispies choco","the gutsy captain",snacks,406.7,31.1,33.3,20
"'5050083430442","Chocolate con Leche","Kellogg's",snacks,390,0.6,62,9.6
"'8410175083111","Protein Cookies Flavour","Corny",snacks,384,30,29,19
"'8480024752543","Barritas de cereales Alteza","Alteza",snacks,406,6.7,70.4,10.2
"'5601363013222","Sabor a Presunto","Ruffles",cereais,505,6.1,54.2,28.6
"'8410199027030","Xplorers Sabor Manteiga","Matutano",snacks,495,4.9,64,24
"'5601363013215","Sabor a Ketchup","Ruffles",snacks,514,6.5,51,30
"'5600744051495","Madalitas Sabor Laranja","Officetotal",snacks,458,4.7,58,23
"'5600499502044","Zero BAR","Prozis",snacks,345,35,27,17
"'5601363014199","Sabor Queso","Mix Ups",snacks,505,6.3,59,26
"'5609060930231","unboring snack salt","qampo",cereais,427,4,75,11
"'8410199220110","Ruffles sabor a ketchup","Ruffles",cereais,523,6.5,49.2,32.4
"'8718976009553","Natural Corn Chips","Amaizin Organic",snacks,480,6.7,62.8,21.5
"'8410706000044","Pan de Leche","Pasquier",snacks,355,9.4,51,10
"'8410199021441","Patatas fritas mediterráneas con aceite de oliva","Lay's",gorduras,515,5.5,56.6,29.8
"'5601363100236","Mini Croissant Creme de Sabor a Baunilha","Chipicao",snacks,377,7.1,46.9,16.9
"'8480017017901","Patatas fritas sabor jamon","Dia",cereais,524,7.8,48,32
"'8480017439468","Barres de cereales","Dia",snacks,378,5,74.5,5.8
"'7613287457486","After Eight - Mojito & Mint Flavour","After Eight",snacks,426,2.1,73.4,12.9
"'5601557058947","Barritas sesamo e quina salutem","Salutem",snacks,533,11.4,47.8,31.2
"'8445291111165","Barritas extrafino","Nestlé",snacks,543,4.6,59.5,31.4
"'8480017069429","Patatas Fritas Onduladas","Dia",cereais,547,6,52,34
"'8410199027511","Cheetos Crunchy Sabor Creamy Cheese","Cheetos",snacks,502,5.5,65,24
"'4056489994329","Sabor Frutos do Bosque High Protein","Lidl",snacks,294,30.7,37.8,5
"'5600896200291","Pistachio Lidl Bar","Lidl",snacks,520,26.1,16.3,36.2
"'5600340610041","Pastel de nata","Polinorte",snacks,257,5,38.6,8.7
"'5601027002609","Milk Choco Chips","Manhãzitos",snacks,347,9.1,49,12
"'5601009957712","Batatas Fritas Onduladas Sabor a Presunto","Pingo Doce",cereais,538,6.7,51,33
"'1404974370005","LÖRDAGSGODIS","IKEA",snacks,366.7,0,90,0
"'5601055321406","dark chocolate protein cereal and almond","regina",gorduras,505,29,20,34
"'5411188119098","Natur mit Kokosnuss","alpro",laticinios,54,3.9,2.3,2.9
"'5411188139126","alpro sabor natural con coco","Danone Belux nv",gorduras,54,3.9,2.4,3
"'5411188138099","Danone ALPRO® Joghurt Soja Natur ungesüßt","alpro",laticinios,42.3,4,0,2.3
"'4056489472261","High Protein Pudding Haselnut Flavour","LIDL",laticinios,77,10,5.8,1.5
"'8480000201607","Postre Soja Natural","MERCADONA",laticinios,43,4.6,0,2.7
"'5411188138051","Natur mit Kokosnuss","alpro",laticinios,54,3.9,2.3,2.9
"'8480000683540","Arroz con Leche","MERCADONA",laticinios,138,3.1,22.7,3.7
"'8480000221803","Puré de plátano y fresa","MERCADONA",fruta,71,0.8,16,0.2
"'5411188124191","Greek Style on Fruity Layer Strawberry Raspberry","alpro",laticinios,54.7,4.9,9.1,2.7
"'8480000221780","Fruta variada","MERCADONA",fruta,62,0.7,14,0.2
"'8480000221827","Plátano, fresa, arándanos y avena","MERCADONA",fruta,75,1,16,0.5
"'8480000641021","Helados mini sin azúcar","MERCADONA",laticinios,295.1,6,31.5,19.7
"'5411188113416","Especialidad vegetal de soja melocotón y piña con fruta de la pasión","Danone Belux nv",laticinios,78,3.6,10.3,1.9
"'8402001009006","Plátano y Manzana (bebible)","MERCADONA",fruta,74,0.7,17,0.3
"'5411188119586","2x BLACKBERRY RASPBERRY-CRANBERRY","alpro",laticinios,75,3.6,9.7,1.9
"'8006040610072","Helado pistacho","Valsoia SpA",laticinios,364,3.2,32,24
"'7622201735012","Gelatina sabor morango","Mondelez Schweiz GmbH",snacks,10,1.6,0.9,0
"'8410500008932","Actimel fresa","Danone",laticinios,77,2.9,12,1.5
"'7610900231300","Coco organic vegan Kokos","Biedermann Bio",laticinios,104,0.8,5.2,8.9
"'3023290072097","PRO+ Sabor Stracciatella","Nestlé Lindahls Protein",laticinios,99,16,6.5,1
"'3023290072073","PRO+ Sabor Framboesa","Nestlé LINDHALS",laticinios,58,10,4.1,0.2
"'8410500016012","Danonino para beber sabor fresa","Danone",laticinios,70,2.8,10.9,1.6
"'5600308050094","The Original","Native Foods",laticinios,129,0.6,22,4.4
"'5411188140207","Fresa","Danone Belux nv",laticinios,68,3.6,8.1,2.1
"'8410500031626","Skyr fresa","Danone",laticinios,69,7.7,9.3,0.1
"'5601050036244","Sabor Banana Peanut Butter","Danone",laticinios,56.9,9.4,4.4,0.1
"'5601232010307","Flan Chino","EL MANDARIN",laticinios,111,3.1,16.1,3.8
"'8410500010539","fresa","Danone",laticinios,71,2.9,10.7,1.5
"'8410500020644","Danonino para llevar sabor fresa y plátano","Danone",laticinios,91,3.6,12.8,2.8
"'5601050206401","Iogurte Natural","Danone",laticinios,56,3.3,4.3,2.9
"'8435250297955","Sabor Baunilha","Nestlé",laticinios,117.2,4.2,13.9,4.9
"'5603722518331","Mimosa Natural","Mimosa",laticinios,53.3,4.2,4.4,1.5
"'5607047010860","Pudim Proteico Sabor a Chocolate","Go Active",laticinios,84.5,10,5.8,1.5
"'4056489664444","Iogurte frutas 0%","Milbona Lidl",laticinios,32,3,3.9,0.1
"'8435257054124","Yoco Frutas variadas","Nestlé",laticinios,50,2.4,7.9,1
"'3023290043400","Natural","Nestlé",laticinios,101,3,3.5,8.3
"'5601048542214","Lindahls Protein+ Energy","Nestlé",laticinios,46.9,7.5,3.1,0.5
"'8435257018447","Natural","Nestlé",laticinios,57,3.4,4.9,2.6
"'5604260310357","Iogurte Tipo Grego* Natural","PorSi",laticinios,58,5.8,4.2,2
"'5603722514807","iogurte natural batido magro","Mimosa",laticinios,47,5.2,5.3,0.2
"'5601050038378","Iogurte Grego Natural","Danone",laticinios,118,3.2,3.8,10
"'8420756004886","Rico en Proteínas Flan con Clara de Huevo","Reina",laticinios,66,8,8.1,0
"'4056489542742","Cola Flavour","Bon Gelati",laticinios,72,0,18,0
"'5604260318339","Skyr Natural","PorSi",laticinios,50,8,4.1,0.2
"'5602477842463","Gelatina sabor Ananas","Condi",snacks,40,1.9,8.1,0
"'2002070000674","High Protein Pudding Chocolate","Milsani",laticinios,79,10,6.4,1.5
"'3023290053508","Sabor Baunilha","Lindahls",snacks,73.3,10,7.2,0.2
"'7622201735036","gelatina sabor tropical","Royal",snacks,10,1.7,0.7,0
"'5600308050186","The Original","Native Foods",laticinios,98,0.5,17,3.6
"'8480024280862","Plátano, manzana y fresa","Pasitos",fruta,70,0.7,16,0.5
"'3155250213117","Frutas Variadas","Nestlé",laticinios,96,3.3,12.3,3.7
"'5601050034165","sabor baunilha","Danone",laticinios,108,3,17.1,3
"'5601050037517","Sabor Stracciatella","Danone",laticinios,56,9.4,3.5,0.5
"'5601050038194","Yopro Sabor Banana","Danone",laticinios,69.5,8.3,5.5,0.5
"'3023290049020","Flan Baunilha","Nestlé",laticinios,91,2.3,18.8,0.7
"'4002971119305","High Protein Skyr Mirtilo","Ehrmann",laticinios,47,8,5,0.2
"'5601312511823","Frutas Variadas","Nestlé",laticinios,71,3.3,7.9,2.8
"'4056489999768","Fruta Variada","Lupilu",fruta,62,0.7,14,0.3
"'8000920585603","Sandwich","Magnum",laticinios,313.3,4.3,34.4,16.7
"'5603722518348","Iogurte Natural","Mimosa",laticinios,53,4.2,5,1.5
"'8411462007513","Cono nata-chocolate","Royne",laticinios,301,4.6,34,16
"'3023290058527","PRO+ Pudding Sabor Caramelo","Lindahls",laticinios,71,10,7.4,0.2
"'5603722523250","Iogurte Natural Meio-Gordo","Mimosa",laticinios,53,4.2,5,1.5
"'5603722519406","Fruta Batida Morango","Mimosa",laticinios,75,4,10,1.5
"'5604260331178","Pudim Proteico Sabor Chocolate","Poesia",laticinios,72,10,4.5,1.6
"'5604260282845","Iogurte Natural","PorSi",laticinios,54,3.2,4.6,2.5
"'5601048542207","Yogurt Protein+","Lindahls",laticinios,46.9,7.5,3.1,0.5
"'5607047022368","Gelado Peanut Butter Cups","Pingo Doce",laticinios,291,6.9,27,17
"'5600363850400","Mousse sabor a chocolate branco","Alsa",snacks,193,5.3,27,7
"'5601089080614","Pudim sabor Caramelo","Boca Doce",snacks,113,2.4,23,1.3
"'7640161877009","Red Bee Apfel mit Erdbeere","Holle",fruta,49,0.5,11,0.5
"'5601050033175","Sabor Morango Banana","Danone",laticinios,90,1.8,13.1,3.1
"'5601050037289","Protein Pudding Caramel Flavour","Danone",laticinios,80,10.1,6.5,1.5
"'5601158403023","Nutregi Protein Plus","Nutregi",laticinios,65,10,4.4,0.5
"'5601050038316","Sabor Stracciatella","Danone",laticinios,65,2.9,12.3,0.4
"'5601158402705","Snack 0%","Nutrégi",laticinios,51,4.1,6.2,0.4
"'5601050035919","Duo sabor baunilha & chocolate","Danet",laticinios,112,2.9,18,3.1
"'5600310900554","Iogurte Natural","Davaca",laticinios,65,3.7,3.8,3.9
"'5204739611574","Watermelon helado con sabor a sandía y manzana","Nestlé",laticinios,83,0.1,19.2,0.4
"'5601050022469","Activia natural","Activia",laticinios,66,3.3,3.9,3.8
"'5601158401524","Gelatina sabor morango","Nutregi",snacks,60,1.6,13,0
"'8000920302507","Les Desserts Stracciatella","Carte d'Or",laticinios,211,3.1,30,8.2
"'7622300870379","Gelatina sabor morango fresa 0%","Royal",snacks,10,1.6,0.9,0
"'4012200032947","Röstzwiebeln","Kühne",snacks,610,6,40,46
"'8480000340788","Pipas tostadas gigantes aguasal","MERCADONA",gorduras,631,30,5.7,52
"'8402001022135","Copos de avena sin gluten","MERCADONA",snacks,370,14,58,6.5
"'8480000341884","Pipa Calabaza Natural","MERCADONA",gorduras,582,35.3,3,47.9
"'8480000140159","Tortitas de maíz con chocolate negro","MERCADONA",cereais,476.9,6.2,64.6,20.9
"'8410184040754","QUINOA REAL BLANCA Y ROJA","HERBA RICEMILLS S.L.U",gorduras,147,5.9,30,3.9
"'8480000141415","Tortitas de arroz con chocolate blanco","MERCADONA",cereais,466.7,7.3,63,20
"'8480000166166","Champiñones laminados en conserva","MERCADONA",carnes,14,2.8,1.5,0.1
"'8480000141422","Tortitas de arroz con chocolate con leche","MERCADONA",cereais,467.7,7.1,70,17
"'8410376040609","Vitalday Tortitas de Arroz Integral con Chocolate Negro","GALLETAS GULLON S.A.",cereais,456,7,64,18
"'8423207000086","Tortitas de arroz integral con chocolate negro","NUTRITION & SANTÉ IBERIA S.L.",cereais,467.7,7.1,69,17
"'8423207209908","Tortitas de arroz con chocolate blanco y trocitos de fresa frambuesa y mora","NUTRITION & SANTÉ IBERIA S.L.",cereais,475,7.5,70,18
"'8423207209915","Tortitas de arroz con chocolate con leche y trocitos de avellana","Bicentury",cereais,473,8.4,65,19
"'5202390015878","Violife 100% vegan original flavour slices","ARIVIA FOOD LIMITED LIABILITY COMPANY",laticinios,285,0,20,23
"'8410376051919","Vitalday tortitas de avena y arroz con chocolate negro","Gullón",cereais,467,8.3,63,19
"'7394376615887","Avoine cuisine bio","Oatly EMEA AB",laticinios,148,1,6.2,13
"'8423207210010","Tortitas de semillas y cereales con chocolate negro","Bicentury",cereais,469,8.5,70,16
"'8423207209939","Tortitas de chocolate y frutos rojos","Bicentury",cereais,472.7,7.1,70,18
"'8410376058864","Tortitas de avena y arroz sabor yogur y frambuesa","Gullón",cereais,458,7.4,67,17
"'8423207203661","Tortitas de maíz con chocolate negro","Bicentury",cereais,424,7.1,72,11
"'8410376052015","Vitalday Avena Arroz Chocolate Negro","Gullón",cereais,467,8.3,63,19
"'5602353909365","Organic gluten free oat drink","Próvida",laticinios,46,0.9,6.9,1.6
"'8410100020921","Bebida instantánea en polvo con azúcar, leche y café","NESCAFÉ",snacks,385.7,8.6,68.6,7.1
"'5602353909341","Organic Coconut drink","Próvida",gorduras,34,0.5,2.8,2.5
"'5601557067802","Tortitas Aveia","Salutem",cereais,385,10.1,73,4.6
"'8423207206518","Tortitas arroz integral con Choc negro","Bicentury",cereais,584.6,7.1,69,17
"'8480017201706","Tortita de arroz con chocolate negro","DIA RETAIL ESPAÑA S.A.U.",cereais,469,6.2,68,18
"'8445290189080","Grain grow  Puffs de Cereales con Plátano","Gerber",cereais,418,8.5,76,8.6
"'4068264011923","Creme De Aveia","My Vay",laticinios,106,1.2,6.7,8.1
"'8480000198020","Edulcorante de Mesa a Base de Ciclamato y Sacarina","MERCADONA",snacks,29,0.9,2.1,0
"'5604260227181","Azucar branco","Fazenda",snacks,400,0,100,0
"'8410014926241","ColaCao Turbo Instant Cocoa Drink","ColaCaoIdilia Foods",snacks,389,5.5,82,3
"'8411092701034","Nestea Limon","CORPORACION ECONOMICA DAMM S.A.",snacks,19,0,4.6,0
"'8410500028992","Protein Drink Blueberry Flavour","YOPRO",laticinios,61.3,8.3,5.5,0.5
"'5411188117032","Bebida Alpro Arroz","alpro",snacks,47,0.1,9.5,1
"'7622300118969","Sabor Tropical","Tang",snacks,11,0.1,2.5,0.1
"'5038862232241","Super Smoothie Energía Fresa, Cereza, Manzana, Guaraná, Semillas de Lino y Vitaminas","innocent",laticinios,52,0.6,12,0.5
"'3248710060106","Agua mineral con gas grande","Parot",snacks,0,0,0,0
"'8410128180522","Vivesoy frutos secos sin azúcar","Vivesoy",laticinios,22,0.6,0.5,1.7
"'5449000003201","Fanta piña","Fanta",laticinios,5,0,0.9,0
"'5601163001412","Luso Fruta","Luso",snacks,23,0,5.6,0
"'7622300119096","Sabor Morango Fresa","Tang",snacks,10,0.1,2.1,0.1
"'3023290075494","PRO+ Sabor Tropical","Lindahls",laticinios,46,7.6,3.3,0.3
"'5601151964514","Compal 100% Fruta Manga","Compal",laticinios,52,0.5,12.4,0.5
"'5603089008490","Active Drink Laranja Cenoura","Santal",snacks,15,0.1,3.6,0
"'5449000227157","Cocacola lemon flavor zero sugar","Coca-Cola",snacks,0.9,0,0,0
"'5604321027743","Bio Cenoura","Cem Porcento",laticinios,47,0.5,10.3,0
"'5600798960743","Bebida de Almendra","Shoyce",gorduras,17,0.8,0.5,1.4
"'5600821262264","The Gutsy  Captain Kombucha","Captain Kombucha",snacks,0,0,0,0
"'5038862002455","Super Smoothie Antioxidante Kiwi, Pepino, Manzana, Té Matcha, Semillas de Lino y Vitaminas","innocent",laticinios,54,0.5,13,0.5
"'2004060110059","Bebida de Avena Cacao","My Vay",laticinios,44,1.2,5.1,1.9
"'5603533100039","Agua Frize","Frize",snacks,0,0,0,0
"'5601151964835","Origens MANGA Magdalena","Compal",laticinios,39,0.5,9.5,0.5
"'5604260308019","Bebida de Soja","PorSi",laticinios,36,3.3,1.4,1.8
"'5600377971719","Azul agua mineral sin gas","Healsi",snacks,0,0,0,0
"'5449000296245","Fanta sabor Guaraná sin azúcares","Fanta",laticinios,0.9,0,0,0
"'5601050036916","Protein Drink Coconut Flavour","Danone",laticinios,60,8.3,5.3,0.5
"'8480017001627","Bebida de soja","Dia",laticinios,48,3.2,4.4,1.9
"'5604260307982","Bebida de Arroz","PorSi",laticinios,56,0.3,12,0.8
"'5600821261830","Zero Raspberry","Gutsy Captain",snacks,0,0,0,0
"'5600798961306","Hug No Milk","Shoyce",laticinios,43,0.7,5.4,1.8
"'5604260283477","Bebida de Soja de Chocolate","PorSi",laticinios,72,3.1,9.9,2
"'4068706674914","Instant Tea Drink Mango PassionFruit","Westminster",snacks,39,0,10,0
