Prioridade,O que confirmar,EAN,Nome,Marca,Grupo,kcal/100g,Proteína,Hidratos,Gordura,kcal calculada,Ficha Open Food Facts
Alta,"confirmar os valores no rótulo",'4068263016547,"Massa folhada tipo tarte","Aldi",snacks,244,2.3,27,14,243,https://world.openfoodfacts.org/product/4068263016547
Alta,"kcal (300) não bate com os macros (≈400)",'5601227025385,"Chouriço Preto","Amanhecer",carnes,300,22,24,24,400,https://world.openfoodfacts.org/product/5601227025385
Alta,"nome vago/incompleto — identificar o produto no rótulo",'5601227025279,"Crocantes","Amanhecer",cereais,407,11.3,65.9,8.9,389,https://world.openfoodfacts.org/product/5601227025279
Alta,"nome vago/incompleto — identificar o produto no rótulo",'5601227039474,"Frutos Vermelhos","Amanhecer",laticinios,40,0.2,9.9,0.1,41,https://world.openfoodfacts.org/product/5601227039474
Alta,"nome vago/incompleto — identificar o produto no rótulo",'5601227025781,"Gold & Crash","Amanhecer",cereais,389,6.7,83,2.4,380,https://world.openfoodfacts.org/product/5601227025781
Alta,"nome vago/incompleto — identificar o produto no rótulo",'5601227033342,"Grego","Amanhecer",laticinios,124,3.4,11.9,7,124,https://world.openfoodfacts.org/product/5601227033342
Alta,"nome vago/incompleto — identificar o produto no rótulo",'5601227017694,"Líquido","Amanhecer",laticinios,75,2.5,13,1.5,76,https://world.openfoodfacts.org/product/5601227017694
Alta,"nome vago/incompleto — identificar o produto no rótulo",'5601227029444,"Líquido","Amanhecer",laticinios,62,2.6,9,1.7,62,https://world.openfoodfacts.org/product/5601227029444
Alta,"kcal (221) não bate com os macros (≈53)",'5601227016383,"Néctar de manga","Amanhecer",laticinios,221,0.2,12.8,0.1,53,https://world.openfoodfacts.org/product/5601227016383
Alta,"kcal (267) não bate com os macros (≈350)",'5601227031812,"Paté de Sardinha","Amanhecer",carnes,267,14.1,24,22,350,https://world.openfoodfacts.org/product/5601227031812
Alta,"confirmar os valores no rótulo",'5601227018738,"Queijo Fresco meio gordo","Amanhecer",laticinios,243.2,16,5.1,17.6,243,https://world.openfoodfacts.org/product/5601227018738
Alta,"nome vago/incompleto — identificar o produto no rótulo",'5601227041057,"Tortitas","Amanhecer",cereais,443,6.5,71.1,13.5,432,https://world.openfoodfacts.org/product/5601227041057
Alta,"confirmar os valores no rótulo",'3596710523047,"Arroz com coco","Auchan",laticinios,51,0.5,10,1.2,53,https://world.openfoodfacts.org/product/3596710523047
Alta,"kcal muito alta para atum — confirmar se inclui o óleo",'5601002060105,"Atum posta em óleo vegetal","Auchan",carnes,419,17,0,39,419,https://world.openfoodfacts.org/product/5601002060105
Alta,"kcal muito alta para atum — confirmar se inclui o óleo",'5601002046116,"Atum posta em óleo vegetal","Auchan",carnes,438,17,0.5,41,439,https://world.openfoodfacts.org/product/5601002046116
Alta,"kcal (61.6) não bate com os macros (≈98)",'5601002112729,"Iogurte com pedaços de frutos vermelhos","Auchan",laticinios,61.6,3.7,16.6,1.9,98,https://world.openfoodfacts.org/product/5601002112729
Alta,"confirmar os valores no rótulo",'5601002123626,"Queijo de cabra fresco","Auchan",laticinios,132.8,9.4,3.8,12.6,166,https://world.openfoodfacts.org/product/5601002123626
Alta,"nome vago/incompleto — identificar o produto no rótulo",'4056489998143,"Combino","Combino",cereais,355,12,71,1.8,348,https://world.openfoodfacts.org/product/4056489998143
Alta,"proteína suspeita (0 g)",'20869977,"Laços farfalle","Combino",cereais,355,0,71,0.4,288,https://world.openfoodfacts.org/product/20869977
Alta,"kcal (355) não bate com os macros (≈2660); proteína suspeita (590 g)",'20611019,"Macarrão de sêmola de trigo-duro","Combino",cereais,355,590,71,1.8,2660,https://world.openfoodfacts.org/product/20611019
Alta,"nome vago/incompleto — identificar o produto no rótulo",'5601312093961,"8 Frutos","Continente",laticinios,42,0,10.2,0,41,https://world.openfoodfacts.org/product/5601312093961
Alta,"nome vago/incompleto — identificar o produto no rótulo",'5601312512271,"Amora Framboesa Pedaços","Continente",laticinios,40,4.3,5,0,37,https://world.openfoodfacts.org/product/5601312512271
Alta,"confirmar os valores no rótulo",'5601312047995,"Azeite","Continente",gorduras,526,6,51.6,31.8,517,https://world.openfoodfacts.org/product/5601312047995
Alta,"confirmar os valores no rótulo",'5601312101048,"Batata Doce","Continente",cereais,566,3.3,45,40.2,555,https://world.openfoodfacts.org/product/5601312101048
Alta,"kcal (471) não bate com os macros (≈241); proteína suspeita (0 g)",'5601312069652,"Crunchy Muesli Frutos Secos","Continente",cereais,471,0,60.2,0,241,https://world.openfoodfacts.org/product/5601312069652
Alta,"nome vago/incompleto — identificar o produto no rótulo",'5601312509103,"Framboesa Líchia","Continente",laticinios,30,2.3,5.2,0.1,31,https://world.openfoodfacts.org/product/5601312509103
Alta,"nome vago/incompleto — identificar o produto no rótulo",'5601312094517,"Frutos Vermelhos","Continente",laticinios,64,0,16.1,0,64,https://world.openfoodfacts.org/product/5601312094517
Alta,"nome vago/incompleto — identificar o produto no rótulo",'5601312504559,"Frutos Vermelhos","Continente",laticinios,32,2.1,5.5,0,30,https://world.openfoodfacts.org/product/5601312504559
Alta,"nome vago/incompleto — identificar o produto no rótulo",'5601312512141,"Frutos Vermelhos Magro","Continente",laticinios,43,4.2,5.7,0,40,https://world.openfoodfacts.org/product/5601312512141
Alta,"confirmar se os valores são do produto cru ou cozido",'5601312006251,"Grão de Bico","Continente",gorduras,97,6.3,6,2.2,69,https://world.openfoodfacts.org/product/5601312006251
Alta,"confirmar os valores no rótulo",'5601312511939,"Iogurte Morango Sabor +Proteína","Continente",laticinios,70.5,7.6,4.1,0.4,50,https://world.openfoodfacts.org/product/5601312511939
Alta,"nome vago/incompleto — identificar o produto no rótulo",'5601312509127,"Limão, Gengibre e Canela","Continente",laticinios,30,2.3,5,0.1,30,https://world.openfoodfacts.org/product/5601312509127
Alta,"kcal (63) não bate com os macros (≈561)",'5601312078531,"Maçã & Ananás","Continente",fruta,63,0.7,0,62,561,https://world.openfoodfacts.org/product/5601312078531
Alta,"nome vago/incompleto — identificar o produto no rótulo",'5601312512462,"Manga Papaia","Continente",laticinios,32,2.1,5.6,0,31,https://world.openfoodfacts.org/product/5601312512462
Alta,"nome vago/incompleto — identificar o produto no rótulo",'5601312512455,"Manga Papaia","Continente",laticinios,32,2.1,5.6,0,31,https://world.openfoodfacts.org/product/5601312512455
Alta,"nome vago/incompleto — identificar o produto no rótulo",'5601312509042,"Melancia","Continente",laticinios,18.8,1.4,3.1,0.1,19,https://world.openfoodfacts.org/product/5601312509042
Alta,"nome vago/incompleto — identificar o produto no rótulo",'5601312502791,"Melancia Melão","Continente",laticinios,64,2.2,10.5,1.4,63,https://world.openfoodfacts.org/product/5601312502791
Alta,"nome vago/incompleto — identificar o produto no rótulo",'5601312508311,"Morango","Continente",laticinios,186,0.8,34,5,184,https://world.openfoodfacts.org/product/5601312508311
Alta,"nome vago/incompleto — identificar o produto no rótulo",'5601312504214,"Morango","Continente",laticinios,32,2.1,5.5,0,30,https://world.openfoodfacts.org/product/5601312504214
Alta,"nome vago/incompleto — identificar o produto no rótulo",'5601312504733,"Morango","Continente",laticinios,59,2.3,9.3,2.1,65,https://world.openfoodfacts.org/product/5601312504733
Alta,"nome vago/incompleto — identificar o produto no rótulo",'5601312504306,"Morango","Continente",laticinios,30,2.4,5,0.1,31,https://world.openfoodfacts.org/product/5601312504306
Alta,"kcal (47) não bate com os macros (≈135)",'5601312090960,"Néctar Uva Merlot do Mediterrâneo","Continente",laticinios,47,0.2,11,10,135,https://world.openfoodfacts.org/product/5601312090960
Alta,"nome vago/incompleto — identificar o produto no rótulo",'5601312000013,"Onduladas","Continente",cereais,547,6.1,52,34,538,https://world.openfoodfacts.org/product/5601312000013
Alta,"confirmar os valores no rótulo",'5601312306641,"Peito Frango Forno de Lenha","Continente",carnes,96,13,3.9,1.2,78,https://world.openfoodfacts.org/product/5601312306641
Alta,"confirmar os valores no rótulo",'5601312002833,"Presunto","Continente",snacks,517,6.5,53.1,30,508,https://world.openfoodfacts.org/product/5601312002833
Alta,"kcal (236.7) não bate com os macros (≈355)",'5601312147169,"Queijo Cabra Fatiado","Continente",laticinios,236.7,22,1.5,29,355,https://world.openfoodfacts.org/product/5601312147169
Alta,"nome vago/incompleto — identificar o produto no rótulo",'5601312048978,"Sabor a Receita Camponesa","Continente",cereais,524,5.3,53.5,31.1,515,https://world.openfoodfacts.org/product/5601312048978
Alta,"nome vago/incompleto — identificar o produto no rótulo",'5601312502135,"Tartíssima","Continente",laticinios,241,2.2,26,14,239,https://world.openfoodfacts.org/product/5601312502135
Alta,"confirmar os valores no rótulo",'5601312217459,"Tremoço (Lupins)","Continente",gorduras,84,12,0.6,0.6,56,https://world.openfoodfacts.org/product/5601312217459
Alta,"nome vago/incompleto — identificar o produto no rótulo",'5601312504337,"Frutos Vermelhos","Continente Equilíbrio",laticinios,51,3.4,8.8,0,49,https://world.openfoodfacts.org/product/5601312504337
Alta,"nome vago/incompleto — identificar o produto no rótulo",'5601312504368,"Limão","Continente Equilíbrio",laticinios,33.1,2.3,5.7,0,32,https://world.openfoodfacts.org/product/5601312504368
Alta,"confirmar os valores no rótulo",'5601312509578,"Skyr Mirtilo","Continente Equilíbrio",laticinios,46.7,11,5.5,0,66,https://world.openfoodfacts.org/product/5601312509578
Alta,"kcal (259.2) não bate com os macros (≈61)",'5601312516316,"Super Breakfast Frutos Vermelhos Muesli Chia","Continente Equilíbrio",laticinios,259.2,4.9,6.1,1.9,61,https://world.openfoodfacts.org/product/5601312516316
Alta,"kcal (221) não bate com os macros (≈86)",'8480017180483,"Hambúrgeres 100% Carne de Bovino Delicious","Dia",carnes,221,18.8,0,1.2,86,https://world.openfoodfacts.org/product/8480017180483
Alta,"kcal muito alta para atum — confirmar se inclui o óleo",'4056489376682,"Atum Nixe","Lidl",carnes,391,19.8,1.3,34,390,https://world.openfoodfacts.org/product/4056489376682
Alta,"nome vago/incompleto — identificar o produto no rótulo",'20477660,"Laranja","Lidl",laticinios,4,0.1,0.7,0,3,https://world.openfoodfacts.org/product/20477660
Alta,"confirmar os valores no rótulo",'20028855,"Leite meio-gordo","Milbona",laticinios,560,5.7,43.6,38.2,541,https://world.openfoodfacts.org/product/20028855
Alta,"nome vago/incompleto — identificar o produto no rótulo",'20944339,"Light*","Milbona",laticinios,172,18.4,5.2,8.6,172,https://world.openfoodfacts.org/product/20944339
Alta,"nome vago/incompleto — identificar o produto no rótulo",'40881409,"Manga","Milbona",laticinios,31,2.9,4.6,0.1,31,https://world.openfoodfacts.org/product/40881409
Alta,"nome vago/incompleto — identificar o produto no rótulo",'4056489516071,"Manga","Milbona",laticinios,84,3.8,10.5,2.9,83,https://world.openfoodfacts.org/product/4056489516071
Alta,"nome vago/incompleto — identificar o produto no rótulo",'4056489339625,"Queijo","Milbona",laticinios,232,15,2.4,18,232,https://world.openfoodfacts.org/product/4056489339625
Alta,"confirmar os valores no rótulo",'4068263007156,"Queijo fresco","Milsani",laticinios,248,13,0.6,21.5,248,https://world.openfoodfacts.org/product/4068263007156
Alta,"kcal (416.7) não bate com os macros (≈280)",'5601009963768,"Cereais Farelo de Trigo","Pingo Doce",cereais,416.7,13.6,46.6,4.4,280,https://world.openfoodfacts.org/product/5601009963768
Alta,"confirmar se os valores são do produto cru ou cozido",'5601009110032,"Esparguete","Pingo Doce",cereais,146.8,5.5,29.1,0.6,144,https://world.openfoodfacts.org/product/5601009110032
Alta,"confirmar se os valores são do produto cru ou cozido",'5601009925025,"Espirais","Pingo Doce",cereais,147,5.5,29.1,0.6,144,https://world.openfoodfacts.org/product/5601009925025
Alta,"confirmar se os valores são do produto cru ou cozido",'5601009998630,"Lentilhas cozidas","Pingo Doce",gorduras,127.5,8.2,13,0.8,92,https://world.openfoodfacts.org/product/5601009998630
Alta,"confirmar os valores no rótulo",'5601009998753,"Massa pd spaghetti di nero500g","Pingo Doce",cereais,356,13,72,1.2,351,https://world.openfoodfacts.org/product/5601009998753
Alta,"kcal (120) não bate com os macros (≈284)",'5601009920037,"Pão para Hamburguer Fofo e Delicioso","Pingo Doce",carnes,120,9.6,48,6,284,https://world.openfoodfacts.org/product/5601009920037
Alta,"kcal (130.5) não bate com os macros (≈259)",'5607047019481,"Queijo Flamengo Light#","Pingo Doce",laticinios,130.5,26,0.5,17,259,https://world.openfoodfacts.org/product/5607047019481
Alta,"kcal (282) não bate com os macros (≈158)",'5601009982615,"Requeijão de Ovelha","Pingo Doce",laticinios,282,8.9,3.7,12,158,https://world.openfoodfacts.org/product/5601009982615
Alta,"nome vago/incompleto — identificar o produto no rótulo",'5601009110346,"Toest","Pingo Doce",cereais,407.5,11.8,68.7,8,394,https://world.openfoodfacts.org/product/5601009110346
Alta,"nome vago/incompleto — identificar o produto no rótulo",'20042387,"Tostas","Sondey",cereais,432,6.9,77,10,426,https://world.openfoodfacts.org/product/20042387
Média,"confirmar os valores no rótulo",'4068264002815,"Kokosfir","Aldi",laticinios,63,2,9.3,2.2,65,https://world.openfoodfacts.org/product/4068264002815
Média,"nome vago/incompleto — identificar o produto no rótulo",'5601227030747,"Ácidas","Amanhecer",snacks,345,4.6,80.9,0.3,345,https://world.openfoodfacts.org/product/5601227030747
Média,"kcal (30.7) não bate com os macros (≈256)",'5601227022650,"Cafe soluble","Amanhecer",snacks,30.7,24,40,0,256,https://world.openfoodfacts.org/product/5601227022650
Média,"kcal (48.5) não bate com os macros (≈1)",'5601227029208,"Sumo 100% Tropical","Amanhecer",snacks,48.5,0,0,0.1,1,https://world.openfoodfacts.org/product/5601227029208
Média,"confirmar os valores no rótulo",'5601002121585,"Déliform chocolate negro","Auchan",cereais,420,9.6,73,9.1,412,https://world.openfoodfacts.org/product/5601002121585
Média,"confirmar os valores no rótulo",'3596710520435,"Duo choco caramelo","Auchan",cereais,394,8.4,76,5.2,384,https://world.openfoodfacts.org/product/3596710520435
Média,"nome vago/incompleto — identificar o produto no rótulo",'5601002108029,"Gelatina","Auchan",snacks,11,1.8,0.6,0.1,11,https://world.openfoodfacts.org/product/5601002108029
Média,"nome vago/incompleto — identificar o produto no rótulo",'8435177055669,"Mistura Paixão","Auchan",gorduras,602,23,8.7,55,622,https://world.openfoodfacts.org/product/8435177055669
Média,"confirmar os valores no rótulo",'4056489800002,"Pepperoni","Chef Select",cereais,282.5,12.1,28.3,13.1,280,https://world.openfoodfacts.org/product/4056489800002
Média,"confirmar os valores no rótulo",'4335619175822,"Cereais proteicos Drelli","Combino",cereais,344,29,44,2.7,316,https://world.openfoodfacts.org/product/4335619175822
Média,"nome vago/incompleto — identificar o produto no rótulo",'5601312107712,"Abóbora","Continente",gorduras,233,0.7,56.2,0.2,229,https://world.openfoodfacts.org/product/5601312107712
Média,"nome vago/incompleto — identificar o produto no rótulo",'5601312515005,"Amendoa","Continente",gorduras,31,0.6,3.6,1.4,29,https://world.openfoodfacts.org/product/5601312515005
Média,"confirmar os valores no rótulo",'5601312100485,"Cereais e Leite","Continente",snacks,435,8.3,71,12,425,https://world.openfoodfacts.org/product/5601312100485
Média,"confirmar se os valores são do pó ou da bebida preparada",'5601312107729,"Equilíbrio Morango (Preparado)","Continente",gorduras,206,0.3,50,0.2,203,https://world.openfoodfacts.org/product/5601312107729
Média,"confirmar os valores no rótulo",'5601312079699,"Flocos de Batata Para Puré","Continente",cereais,68,2.2,13,0.6,66,https://world.openfoodfacts.org/product/5601312079699
Média,"nome vago/incompleto — identificar o produto no rótulo",'5601312043218,"Framboesa","Continente",snacks,387,3,69,10,378,https://world.openfoodfacts.org/product/5601312043218
Média,"kcal (9) não bate com os macros (≈357); proteína suspeita (64 g)",'5601312109211,"Gelatina 0% Açúcar","Continente",snacks,9,64,24,0.5,357,https://world.openfoodfacts.org/product/5601312109211
Média,"confirmar os valores no rótulo",'5601312077053,"Ketchup","Continente",snacks,538,6.7,51,33,528,https://world.openfoodfacts.org/product/5601312077053
Média,"nome vago/incompleto — identificar o produto no rótulo",'5601312105398,"Limão","Continente",gorduras,329,2.6,54.5,9.7,316,https://world.openfoodfacts.org/product/5601312105398
Média,"confirmar os valores no rótulo",'5601312516187,"Nuts for cups","Continente",laticinios,294,6.9,27,17.3,291,https://world.openfoodfacts.org/product/5601312516187
Média,"confirmar os valores no rótulo",'5601312516194,"Nutsy caramelt down","Continente",laticinios,253,3.5,29.3,13.3,251,https://world.openfoodfacts.org/product/5601312516194
Média,"confirmar os valores no rótulo",'5601312105244,"Paté Morcela da Beira e Maçã Reineta","Continente",carnes,167,7.4,5.9,7.8,123,https://world.openfoodfacts.org/product/5601312105244
Média,"nome vago/incompleto — identificar o produto no rótulo",'5601312078142,"Pêssego","Continente",gorduras,206,0.3,50,0.2,203,https://world.openfoodfacts.org/product/5601312078142
Média,"confirmar os valores no rótulo",'5601312090892,"Sumo Laranja","Continente",laticinios,86,1.2,20,0.2,87,https://world.openfoodfacts.org/product/5601312090892
Média,"nome vago/incompleto — identificar o produto no rótulo",'5601312093947,"Maçã","Continente Equilíbrio",snacks,44,0.5,10.7,0,45,https://world.openfoodfacts.org/product/5601312093947
Média,"confirmar os valores no rótulo",'20130626,"Framboesas","Freshona",fruta,49,1.3,5.3,0.3,29,https://world.openfoodfacts.org/product/20130626
Média,"nome vago/incompleto — identificar o produto no rótulo",'20602949,"Coco","Lidl",snacks,469,5.7,48.5,26.7,457,https://world.openfoodfacts.org/product/20602949
Média,"confirmar os valores no rótulo",'20020026,"Golden Sun Suriname","Lidl",cereais,351,7.1,78,0.9,349,https://world.openfoodfacts.org/product/20020026
Média,"confirmar se os valores são do pó ou da bebida preparada",'3564700838952,"Cappuccino sabor baunilha latte","Marque Repère",snacks,409,8.1,74,7.1,392,https://world.openfoodfacts.org/product/3564700838952
Média,"confirmar os valores no rótulo",'4056489202110,"Bebida láctea com açúcar de cana natural","Milbona",laticinios,70,2.9,11.2,1.1,66,https://world.openfoodfacts.org/product/4056489202110
Média,"confirmar os valores no rótulo",'20548308,"Bebida Línea sabor morango","Milbona",laticinios,31,2.9,4.1,0.5,33,https://world.openfoodfacts.org/product/20548308
Média,"confirmar os valores no rótulo",'4056489920014,"Food in a bottle banana","Milbona",laticinios,100,7,7,4.5,97,https://world.openfoodfacts.org/product/4056489920014
Média,"confirmar os valores no rótulo",'4056489689126,"Multifrutas tutti frutti","Milbona",snacks,79,1.6,18,0,78,https://world.openfoodfacts.org/product/4056489689126
Média,"confirmar se os valores são do pó ou da bebida preparada",'5601009110254,"Bebida com Cereais e Café","Pingo Doce",laticinios,347,8.6,70,0.5,319,https://world.openfoodfacts.org/product/5601009110254
Média,"confirmar se os valores são do pó ou da bebida preparada",'5601009986729,"Café Creme","Pingo Doce",snacks,304,24,40,0.5,261,https://world.openfoodfacts.org/product/5601009986729
Média,"confirmar se os valores são do pó ou da bebida preparada",'5607047014264,"Café Moído Envolvente","Pingo Doce",snacks,6,0.9,0.7,0.5,11,https://world.openfoodfacts.org/product/5607047014264
Média,"confirmar se os valores são do pó ou da bebida preparada",'5601009974665,"Cappuccino","Pingo Doce",snacks,34,0.7,5.2,1.1,34,https://world.openfoodfacts.org/product/5601009974665
Média,"confirmar se os valores são do pó ou da bebida preparada",'5601009980482,"Chicória com Café Mistura Solúvel","Pingo Doce",laticinios,10,0.5,1.8,0.5,14,https://world.openfoodfacts.org/product/5601009980482
Média,"confirmar os valores no rótulo",'5601009999262,"Chocolate Com Biscoito","Pingo Doce",laticinios,155,12,13,5.9,153,https://world.openfoodfacts.org/product/5601009999262
Média,"confirmar os valores no rótulo",'5601009963744,"Fruta e Fibra","Pingo Doce",fruta,386,8.9,65,7.7,365,https://world.openfoodfacts.org/product/5601009963744
Média,"confirmar os valores no rótulo",'5601009993642,"Maçã Morango Mirtilo","Pingo Doce",fruta,45,0,8.3,0.1,34,https://world.openfoodfacts.org/product/5601009993642
Média,"kcal (680) não bate com os macros (≈247)",'5601009951024,"Maionese Light**","Pingo Doce",snacks,680,0.5,9.5,23,247,https://world.openfoodfacts.org/product/5601009951024
Média,"nome vago/incompleto — identificar o produto no rótulo",'5601009970537,"Morango","Pingo Doce",gorduras,230,0.4,55,0.1,223,https://world.openfoodfacts.org/product/5601009970537
Média,"confirmar os valores no rótulo",'5601009993871,"Nectarissimo","Pingo Doce",laticinios,52,0.2,12.8,0.1,53,https://world.openfoodfacts.org/product/5601009993871
Média,"confirmar se os valores são do pó ou da bebida preparada",'5607047012345,"Tostas S/Gluten C/Cacau pd","Pingo Doce",cereais,37,0.8,7.6,0.5,38,https://world.openfoodfacts.org/product/5607047012345
Média,"confirmar os valores no rótulo",'4056489634904,"Sumo espremido","Solevita",laticinios,52,0.3,12.2,0.1,51,https://world.openfoodfacts.org/product/4056489634904
Baixa,"proteína suspeita (0 g)",'5601227012019,"Argolinhas Chocolate Branco","Amanhecer",snacks,512,0,36,25.2,371,https://world.openfoodfacts.org/product/5601227012019
Baixa,"nome vago/incompleto — identificar o produto no rótulo",'5601227013900,"Aroma","Amanhecer",laticinios,69,3.5,9.6,1.8,69,https://world.openfoodfacts.org/product/5601227013900
Baixa,"nome vago/incompleto — identificar o produto no rótulo",'5601227042337,"Aromati 8","Amanhecer",snacks,6,0.9,0.5,0.1,7,https://world.openfoodfacts.org/product/5601227042337
Baixa,"confirmar os valores no rótulo",'5601227019285,"Bolacha Maria","Amanhecer",snacks,27,1,1.4,0.6,15,https://world.openfoodfacts.org/product/5601227019285
Baixa,"nome vago/incompleto — identificar o produto no rótulo",'5601227032567,"Chocoleo","Amanhecer",snacks,471,4.6,73,17,463,https://world.openfoodfacts.org/product/5601227032567
Baixa,"nome vago/incompleto — identificar o produto no rótulo",'5601227034523,"Chocoleo","Amanhecer",snacks,471,4.6,72.8,17.4,466,https://world.openfoodfacts.org/product/5601227034523
Baixa,"nome vago/incompleto — identificar o produto no rótulo",'5601227050875,"Chocoleo","Amanhecer",snacks,475,4.8,70,19,470,https://world.openfoodfacts.org/product/5601227050875
Baixa,"nome vago/incompleto — identificar o produto no rótulo",'5601227032727,"Magro aroma","Amanhecer",laticinios,28,3.3,3.3,0.2,28,https://world.openfoodfacts.org/product/5601227032727
Baixa,"confirmar os valores no rótulo",'5601002102973,"Adoçante em pastilhas","Auchan",snacks,331,3.2,80.9,0,336,https://world.openfoodfacts.org/product/5601002102973
Baixa,"nome vago/incompleto — identificar o produto no rótulo",'5601002085627,"Aroma de baunilha","Auchan",laticinios,79,3.4,13,1.5,79,https://world.openfoodfacts.org/product/5601002085627
Baixa,"confirmar os valores no rótulo",'8435130100412,"Mini sandwich","Auchan",snacks,343,3.9,39,19,343,https://world.openfoodfacts.org/product/8435130100412
Baixa,"kcal (157) não bate com os macros (≈466)",'5604260273102,"Bolacha relevo com mel e coco","Chabrior",snacks,157,6,70,18,466,https://world.openfoodfacts.org/product/5604260273102
Baixa,"confirmar os valores no rótulo",'5601055024017,"Chocolate Pantagruel","Combino",snacks,508,6,57,27,495,https://world.openfoodfacts.org/product/5601055024017
Baixa,"confirmar se os valores são do pó ou da bebida preparada",'5601312107286,"Achocolatado em Pó","Continente",snacks,42,1.3,7.1,0.6,39,https://world.openfoodfacts.org/product/5601312107286
Baixa,"confirmar se os valores são do pó ou da bebida preparada",'5601312106753,"Achocolatado Instantâneo","Continente",snacks,85,3.8,12.5,1.9,82,https://world.openfoodfacts.org/product/5601312106753
Baixa,"nome vago/incompleto — identificar o produto no rótulo",'5601312503569,"Aroma Tutti-Frutti","Continente",laticinios,66,3.3,9.6,1.6,66,https://world.openfoodfacts.org/product/5601312503569
Baixa,"confirmar os valores no rótulo",'5601312070078,"Bolacha Baunilha","Continente",snacks,123,1.1,18,5.3,124,https://world.openfoodfacts.org/product/5601312070078
Baixa,"kcal (155.8) não bate com os macros (≈459)",'5601312061977,"Bolachas Digestive","Continente",snacks,155.8,6.4,69.2,17.4,459,https://world.openfoodfacts.org/product/5601312061977
Baixa,"nome vago/incompleto — identificar o produto no rótulo",'5601312502555,"Coco Morango Aroma","Continente",laticinios,38,5.4,6.1,0.1,47,https://world.openfoodfacts.org/product/5601312502555
Baixa,"kcal (258) não bate com os macros (≈154)",'5601312002000,"Milho para pipocas","Continente",snacks,258,9.9,23,2.5,154,https://world.openfoodfacts.org/product/5601312002000
Baixa,"kcal (167) não bate com os macros (≈267)",'5601312044376,"Pastilhas elasticas","Continente",snacks,167,0.7,66,0,267,https://world.openfoodfacts.org/product/5601312044376
Baixa,"confirmar os valores no rótulo",'5601312074694,"Pipocas doces","Continente",snacks,481,7.5,59,10,356,https://world.openfoodfacts.org/product/5601312074694
Baixa,"confirmar os valores no rótulo",'5601312108573,"Pipocas Salgadas","Continente",snacks,106.7,5.7,17,1.7,106,https://world.openfoodfacts.org/product/5601312108573
Baixa,"kcal (0) não bate com os macros (≈392)",'5601312070382,"Stevia","Continente",snacks,0,0,98,0,392,https://world.openfoodfacts.org/product/5601312070382
Baixa,"kcal (113.5) não bate com os macros (≈418)",'5601312100522,"5 Cereais e Framboesa Mini Bolachas","Continente Equilíbrio",snacks,113.5,7,60.7,16.3,418,https://world.openfoodfacts.org/product/5601312100522
Baixa,"kcal (235) não bate com os macros (≈385)",'84164773,"Mistura de citrinos","Halls",snacks,235,0.1,96,0.1,385,https://world.openfoodfacts.org/product/84164773
Baixa,"confirmar os valores no rótulo",'4056489963103,"Extra Crunch Gourmet","Lidl",snacks,547,6,55,33,541,https://world.openfoodfacts.org/product/4056489963103
Baixa,"nome vago/incompleto — identificar o produto no rótulo",'20121976,"Freeway","Lidl",snacks,30,0,7.4,0,30,https://world.openfoodfacts.org/product/20121976
Baixa,"confirmar os valores no rótulo",'4056489034964,"Party Mix XXL","Lidl",snacks,332,5.2,75.8,0.5,329,https://world.openfoodfacts.org/product/4056489034964
Baixa,"kcal (234) não bate com os macros (≈388)",'20103958,"Pastilhas de mentol e eucalipto extra forte","Lidl",snacks,234,0,97,0,388,https://world.openfoodfacts.org/product/20103958
Baixa,"kcal (256) não bate com os macros (≈402)",'4056489197379,"Rebuçados","Lidl",snacks,256,0.5,98,0.9,402,https://world.openfoodfacts.org/product/4056489197379
Baixa,"kcal (245) não bate com os macros (≈400)",'4056489197386,"Rebuçados de menta","Lidl",snacks,245,0,98.7,0.6,400,https://world.openfoodfacts.org/product/4056489197386
Baixa,"confirmar os valores no rótulo",'5601009971985,"Chocopintas","Pingo Doce",laticinios,136,3.5,18,5.6,136,https://world.openfoodfacts.org/product/5601009971985
